{"type": "FeatureCollection", "features": [{"type": "Feature", "properties": {"buurtcode": "BU03510001", "buurtnaam": "De Grift", "wijkcode": "WK035100", "gemeentecode": "GM0351", "gemeentenaam": "Woudenberg", "indelingswijzigingWijkenEnBuurten": 1, "water": "NEE", "meestVoorkomendePostcode": "3931", "dekkingspercentage": 1, "omgevingsadressendichtheid": 931, "stedelijkheidAdressenPerKm2": 4, "bevolkingsdichtheidInwonersPerKm2": 3939, "aantalInwoners": 2255, "mannen": 1110, "vrouwen": 1140, "percentagePersonen0Tot15Jaar": 19, "percentagePersonen15Tot25Jaar": 13, "percentagePersonen25Tot45Jaar": 22, "percentagePersonen45Tot65Jaar": 23, "percentagePersonen65JaarEnOuder": 22, "percentageOngehuwd": 45, "percentageGehuwd": 44, "percentageGescheid": 6, "percentageVerweduwd": 5, "aantalHuishoudens": 935, "percentageEenpersoonshuishoudens": 31, "percentageHuishoudensZonderKinderen": 31, "percentageHuishoudensMetKinderen": 38, "gemiddeldeHuishoudsgrootte": 2.4, "percentageMetHerkomstlandNederland": 80, "percentageMetHerkomstlandUitEuropaExclNl": 5, "percentageMetHerkomstlandBuitenEuropa": 15, "percentageGebInNlMetHerkomstlandNederland": 80, "percGebInNlMetHerkomstlandInEuropaExNl": 0, "percGebInNlMetHerkomstlandBuitenEuropa": 5, "percGebBuitenNlMetHerkomstlndInEuropaExNl": 5, "percGebBuitenNlMetHerkomstlndBuitenEuropa": 10, "oppervlakteTotaalInHa": 58, "oppervlakteLandInHa": 57, "oppervlakteWaterInHa": 1, "jrstatcode": "2025BU03510001", "jaar": 2025}, "bbox": [5.400523462840297, 52.082148078591445, 5.41627373778575, 52.0893379073794], "geometry": {"type": "MultiPolygon", "coordinates": [[[[5.401209, 52.089338], [5.401332, 52.089334], [5.401338, 52.089309], [5.401344, 52.089285], [5.401344, 52.089282], [5.40135, 52.089258], [5.401356, 52.089231], [5.401425, 52.089217], [5.401493, 52.089203], [5.401532, 52.089195], [5.401572, 52.089187], [5.401674, 52.089167], [5.401775, 52.089146], [5.401785, 52.089144], [5.401794, 52.089142], [5.40195, 52.089108], [5.402106, 52.089075], [5.40228, 52.089039], [5.402453, 52.089002], [5.402634, 52.088963], [5.402814, 52.088925], [5.402954, 52.088894], [5.403094, 52.088863], [5.403224, 52.088836], [5.403354, 52.088809], [5.403452, 52.088789], [5.40355, 52.088768], [5.403675, 52.088741], [5.403799, 52.088715], [5.403921, 52.088691], [5.404044, 52.088667], [5.404221, 52.088631], [5.404398, 52.088594], [5.404581, 52.088557], [5.404764, 52.08852], [5.404891, 52.088494], [5.405017, 52.088469], [5.405104, 52.088452], [5.40519, 52.088434], [5.405305, 52.088407], [5.405419, 52.08838], [5.405526, 52.088356], [5.405634, 52.088332], [5.405736, 52.088312], [5.405839, 52.088291], [5.405929, 52.088273], [5.406019, 52.088254], [5.406107, 52.088236], [5.406195, 52.088217], [5.40629, 52.088197], [5.406386, 52.088177], [5.406521, 52.088147], [5.406657, 52.088117], [5.406777, 52.088092], [5.406896, 52.088068], [5.406983, 52.088052], [5.407069, 52.088037], [5.407112, 52.088028], [5.407155, 52.08802], [5.407224, 52.088004], [5.407292, 52.087989], [5.407441, 52.087955], [5.40759, 52.087921], [5.40772, 52.087895], [5.40785, 52.087869], [5.4081, 52.087815], [5.40835, 52.087761], [5.408384, 52.087753], [5.408419, 52.087746], [5.408653, 52.087696], [5.408887, 52.087646], [5.408906, 52.087641], [5.408925, 52.087637], [5.408946, 52.087631], [5.408966, 52.087626], [5.408994, 52.087621], [5.409022, 52.087615], [5.409153, 52.087587], [5.409284, 52.087559], [5.409522, 52.087507], [5.409761, 52.087456], [5.409825, 52.087442], [5.409876, 52.087432], [5.409904, 52.087425], [5.409918, 52.087422], [5.409932, 52.087419], [5.41, 52.087406], [5.410067, 52.087393], [5.410135, 52.087381], [5.410203, 52.087368], [5.410269, 52.087354], [5.410336, 52.08734], [5.410402, 52.087327], [5.410469, 52.087313], [5.410606, 52.087284], [5.410742, 52.087255], [5.410879, 52.087226], [5.411016, 52.087197], [5.411136, 52.087173], [5.411256, 52.087149], [5.411376, 52.087124], [5.411496, 52.0871], [5.411623, 52.087073], [5.411751, 52.087047], [5.411878, 52.08702], [5.412006, 52.086993], [5.412072, 52.086979], [5.412139, 52.086966], [5.412205, 52.086952], [5.412272, 52.086938], [5.412324, 52.086926], [5.412375, 52.086914], [5.412427, 52.086901], [5.412479, 52.086889], [5.412484, 52.086888], [5.412489, 52.086887], [5.412516, 52.086881], [5.412543, 52.086876], [5.41257, 52.086871], [5.412597, 52.086866], [5.412644, 52.086855], [5.412692, 52.086844], [5.412739, 52.086833], [5.412787, 52.086823], [5.412797, 52.086821], [5.412807, 52.086819], [5.412816, 52.086817], [5.412826, 52.086815], [5.412842, 52.086813], [5.412857, 52.08681], [5.412873, 52.086808], [5.412889, 52.086806], [5.412949, 52.086792], [5.413009, 52.086779], [5.41307, 52.086766], [5.41313, 52.086753], [5.413202, 52.086738], [5.413275, 52.086724], [5.413347, 52.086709], [5.413419, 52.086695], [5.413426, 52.086694], [5.413432, 52.086693], [5.413439, 52.086692], [5.413445, 52.086691], [5.413451, 52.08669], [5.413456, 52.086689], [5.413462, 52.086688], [5.413468, 52.086687], [5.413476, 52.086685], [5.413484, 52.086683], [5.413492, 52.08668], [5.4135, 52.086678], [5.41353, 52.086671], [5.413561, 52.086665], [5.413592, 52.086658], [5.413623, 52.086651], [5.413714, 52.086633], [5.413805, 52.086614], [5.413895, 52.086595], [5.413986, 52.086577], [5.414069, 52.086559], [5.414152, 52.086542], [5.414235, 52.086525], [5.414319, 52.086508], [5.414386, 52.086493], [5.414453, 52.086479], [5.414521, 52.086465], [5.414588, 52.08645], [5.414618, 52.086444], [5.414648, 52.086437], [5.414677, 52.08643], [5.414707, 52.086424], [5.414728, 52.086419], [5.414749, 52.086415], [5.41477, 52.08641], [5.414792, 52.086405], [5.41481, 52.086403], [5.414829, 52.0864], [5.414847, 52.086397], [5.414866, 52.086395], [5.414883, 52.086391], [5.414901, 52.086387], [5.414918, 52.086384], [5.414936, 52.08638], [5.414962, 52.086374], [5.414989, 52.086367], [5.415015, 52.086361], [5.415042, 52.086354], [5.415078, 52.086346], [5.415115, 52.086337], [5.415151, 52.086328], [5.415187, 52.086319], [5.415239, 52.08631], [5.415291, 52.0863], [5.415342, 52.08629], [5.415394, 52.08628], [5.415401, 52.086279], [5.415407, 52.086279], [5.415414, 52.086278], [5.415421, 52.086277], [5.415445, 52.086272], [5.415469, 52.086266], [5.415493, 52.086261], [5.415517, 52.086256], [5.415596, 52.08624], [5.415675, 52.086224], [5.415754, 52.086209], [5.415832, 52.086193], [5.415864, 52.086187], [5.415896, 52.08618], [5.415928, 52.086173], [5.41596, 52.086167], [5.415991, 52.08616], [5.416022, 52.086154], [5.416148, 52.086128], [5.416274, 52.086102], [5.416208, 52.085952], [5.416142, 52.085802], [5.416169, 52.085797], [5.416196, 52.085793], [5.416162, 52.085716], [5.416128, 52.08564], [5.416094, 52.085563], [5.41606, 52.085487], [5.416051, 52.085467], [5.416043, 52.085448], [5.416034, 52.085429], [5.416026, 52.08541], [5.41602, 52.085397], [5.416014, 52.085384], [5.416002, 52.085359], [5.415994, 52.085339], [5.415954, 52.085229], [5.415949, 52.085213], [5.415948, 52.08521], [5.41592, 52.085134], [5.4159, 52.085077], [5.415887, 52.085041], [5.415859, 52.085045], [5.415831, 52.08505], [5.415817, 52.085019], [5.415804, 52.084988], [5.41579, 52.084958], [5.415776, 52.084927], [5.415769, 52.084911], [5.415762, 52.084895], [5.415755, 52.08488], [5.415748, 52.084864], [5.415737, 52.084839], [5.415726, 52.084815], [5.415724, 52.08481], [5.415721, 52.084805], [5.415708, 52.084775], [5.415695, 52.084746], [5.41567, 52.084689], [5.415644, 52.084632], [5.415643, 52.084629], [5.415642, 52.084626], [5.415618, 52.084572], [5.415594, 52.084518], [5.415591, 52.08451], [5.415587, 52.084503], [5.415584, 52.084495], [5.41558, 52.084487], [5.415561, 52.084444], [5.415541, 52.084402], [5.415521, 52.084359], [5.415501, 52.084316], [5.415484, 52.084278], [5.415466, 52.084239], [5.415448, 52.084201], [5.415431, 52.084162], [5.415435, 52.084162], [5.415426, 52.08414], [5.415416, 52.084119], [5.415407, 52.084098], [5.415397, 52.084077], [5.415361, 52.084008], [5.415327, 52.08394], [5.415294, 52.083874], [5.41526, 52.083808], [5.415258, 52.083803], [5.415255, 52.083797], [5.415252, 52.08379], [5.415249, 52.083785], [5.415246, 52.083779], [5.415245, 52.083778], [5.415245, 52.083777], [5.415239, 52.083765], [5.415233, 52.083753], [5.415213, 52.083714], [5.415194, 52.083675], [5.415184, 52.083654], [5.415173, 52.083633], [5.415163, 52.083612], [5.415152, 52.083591], [5.415151, 52.08359], [5.415151, 52.083589], [5.41515, 52.083587], [5.415148, 52.083584], [5.415147, 52.083581], [5.41513, 52.083548], [5.415113, 52.083514], [5.415095, 52.083479], [5.415077, 52.083443], [5.41506, 52.083409], [5.415043, 52.083375], [5.415025, 52.08334], [5.415008, 52.083306], [5.414982, 52.083255], [5.414956, 52.083204], [5.414951, 52.083193], [5.414945, 52.083181], [5.414932, 52.083156], [5.41492, 52.08313], [5.414902, 52.083093], [5.414885, 52.083056], [5.414867, 52.083019], [5.414849, 52.082982], [5.414831, 52.082944], [5.414813, 52.082905], [5.414802, 52.082907], [5.414792, 52.082909], [5.414778, 52.082881], [5.414764, 52.082852], [5.414754, 52.08283], [5.414743, 52.082807], [5.414725, 52.082772], [5.414708, 52.082736], [5.414721, 52.082734], [5.414734, 52.082732], [5.414723, 52.082707], [5.414713, 52.082686], [5.414703, 52.082664], [5.414693, 52.082643], [5.414691, 52.082638], [5.41469, 52.082633], [5.414688, 52.082628], [5.414686, 52.082623], [5.414685, 52.082619], [5.414684, 52.082616], [5.414682, 52.082608], [5.414679, 52.0826], [5.414679, 52.082596], [5.414678, 52.082592], [5.414678, 52.082588], [5.414677, 52.082583], [5.414677, 52.082576], [5.414676, 52.082568], [5.414676, 52.082561], [5.414675, 52.082553], [5.414676, 52.082547], [5.414676, 52.082542], [5.414676, 52.082537], [5.414677, 52.082532], [5.414678, 52.082528], [5.414678, 52.082524], [5.414679, 52.08252], [5.41468, 52.082515], [5.414682, 52.082508], [5.414684, 52.0825], [5.414686, 52.082493], [5.414687, 52.082485], [5.414689, 52.082481], [5.41469, 52.082477], [5.414691, 52.082473], [5.414693, 52.082469], [5.414694, 52.082467], [5.414694, 52.082465], [5.414695, 52.082464], [5.414696, 52.082462], [5.414697, 52.082461], [5.414698, 52.08246], [5.414699, 52.082458], [5.414701, 52.082456], [5.414703, 52.082455], [5.414708, 52.082452], [5.414712, 52.082449], [5.414716, 52.082446], [5.414721, 52.082444], [5.414723, 52.082442], [5.414726, 52.082441], [5.414728, 52.082439], [5.414731, 52.082438], [5.414733, 52.082437], [5.414736, 52.082436], [5.414749, 52.082435], [5.414748, 52.08243], [5.414766, 52.082428], [5.414785, 52.082427], [5.414805, 52.082425], [5.414824, 52.082424], [5.414844, 52.082422], [5.414864, 52.082421], [5.414865, 52.082426], [5.414893, 52.082424], [5.414913, 52.082422], [5.41491, 52.08241], [5.414907, 52.082397], [5.414894, 52.082398], [5.41489, 52.082384], [5.414886, 52.08237], [5.414899, 52.082369], [5.414893, 52.082345], [5.414887, 52.082321], [5.41487, 52.082312], [5.414854, 52.082303], [5.414719, 52.082316], [5.414584, 52.082328], [5.414371, 52.082347], [5.414158, 52.082367], [5.414182, 52.082426], [5.414206, 52.082485], [5.414184, 52.082486], [5.414161, 52.082488], [5.414121, 52.082491], [5.414082, 52.082493], [5.414081, 52.08249], [5.414081, 52.082486], [5.414065, 52.082487], [5.414049, 52.082488], [5.414049, 52.082492], [5.41405, 52.082495], [5.414044, 52.082496], [5.414037, 52.082496], [5.414038, 52.082498], [5.414038, 52.082499], [5.414032, 52.082499], [5.414027, 52.0825], [5.41402, 52.0825], [5.414013, 52.082501], [5.414011, 52.082486], [5.414008, 52.082472], [5.414005, 52.082458], [5.414003, 52.082444], [5.413999, 52.082431], [5.413995, 52.082419], [5.413992, 52.082407], [5.413988, 52.082394], [5.413986, 52.082394], [5.413984, 52.082394], [5.413978, 52.082393], [5.413973, 52.082393], [5.413971, 52.082392], [5.41397, 52.08239], [5.413969, 52.082388], [5.413968, 52.082387], [5.413968, 52.082385], [5.413967, 52.082384], [5.413913, 52.082388], [5.413859, 52.082392], [5.413842, 52.082393], [5.413825, 52.082394], [5.413807, 52.082395], [5.413789, 52.082396], [5.413786, 52.082396], [5.41376, 52.082398], [5.413733, 52.0824], [5.413706, 52.082402], [5.413679, 52.082405], [5.413654, 52.082407], [5.41363, 52.08241], [5.413629, 52.082406], [5.413629, 52.082403], [5.413601, 52.082406], [5.413573, 52.08241], [5.413545, 52.082413], [5.413517, 52.082416], [5.413517, 52.082419], [5.413518, 52.082422], [5.413497, 52.082424], [5.413476, 52.082425], [5.413427, 52.08243], [5.413378, 52.082434], [5.413329, 52.082438], [5.41328, 52.082442], [5.413275, 52.082443], [5.413269, 52.082443], [5.413257, 52.082444], [5.413245, 52.082446], [5.413233, 52.082447], [5.413221, 52.082448], [5.413199, 52.08245], [5.413176, 52.082452], [5.413154, 52.082454], [5.413131, 52.082455], [5.413119, 52.082456], [5.413108, 52.082458], [5.413096, 52.082459], [5.413084, 52.08246], [5.413052, 52.08246], [5.41302, 52.08246], [5.412987, 52.082461], [5.412955, 52.082461], [5.412919, 52.082464], [5.412883, 52.082467], [5.412846, 52.08247], [5.41281, 52.082473], [5.412754, 52.082477], [5.412698, 52.08248], [5.41269, 52.082481], [5.412683, 52.082481], [5.412625, 52.082485], [5.412567, 52.08249], [5.412529, 52.082492], [5.412492, 52.082495], [5.412454, 52.082498], [5.412417, 52.082501], [5.412408, 52.082501], [5.412398, 52.082502], [5.412389, 52.082502], [5.41238, 52.082502], [5.412332, 52.082504], [5.412285, 52.082506], [5.412237, 52.082508], [5.412188, 52.082509], [5.412174, 52.082512], [5.412161, 52.082514], [5.412147, 52.082516], [5.412133, 52.082518], [5.412085, 52.082521], [5.412037, 52.082524], [5.411989, 52.082527], [5.411941, 52.08253], [5.411915, 52.082532], [5.41189, 52.082534], [5.411865, 52.082535], [5.411839, 52.082537], [5.411832, 52.082537], [5.411824, 52.082538], [5.411761, 52.082543], [5.411697, 52.082548], [5.411634, 52.082552], [5.411571, 52.082557], [5.411565, 52.082557], [5.411559, 52.082558], [5.411552, 52.082558], [5.411546, 52.082558], [5.411491, 52.082559], [5.411435, 52.082561], [5.41138, 52.082562], [5.411325, 52.082564], [5.411321, 52.082564], [5.411318, 52.082564], [5.411314, 52.082565], [5.411311, 52.082565], [5.411305, 52.082565], [5.411299, 52.082566], [5.411293, 52.082566], [5.411287, 52.082566], [5.411269, 52.082567], [5.41125, 52.082569], [5.411232, 52.08257], [5.411214, 52.082571], [5.411196, 52.082572], [5.411178, 52.082573], [5.411174, 52.082573], [5.411171, 52.082573], [5.41115, 52.082575], [5.411128, 52.082576], [5.411075, 52.082577], [5.411022, 52.082579], [5.41097, 52.08258], [5.410917, 52.082582], [5.410873, 52.082586], [5.410829, 52.08259], [5.410785, 52.082594], [5.410742, 52.082598], [5.410734, 52.082598], [5.410727, 52.082599], [5.410719, 52.082599], [5.410712, 52.0826], [5.410705, 52.082601], [5.410699, 52.082602], [5.410692, 52.082603], [5.410686, 52.082604], [5.410609, 52.082617], [5.410532, 52.082629], [5.410467, 52.082639], [5.410401, 52.082649], [5.410384, 52.082652], [5.410366, 52.082655], [5.410318, 52.082662], [5.410271, 52.082669], [5.410263, 52.08267], [5.410256, 52.082671], [5.410249, 52.082672], [5.410242, 52.082673], [5.410236, 52.082673], [5.410231, 52.082674], [5.410225, 52.082675], [5.41022, 52.082676], [5.410213, 52.082677], [5.410206, 52.082678], [5.410198, 52.082679], [5.410191, 52.08268], [5.410164, 52.082683], [5.410138, 52.082686], [5.410111, 52.082689], [5.410084, 52.082693], [5.410059, 52.082696], [5.410034, 52.082699], [5.409993, 52.082704], [5.409951, 52.082709], [5.409946, 52.08271], [5.409941, 52.082711], [5.409936, 52.082712], [5.409931, 52.082712], [5.409927, 52.082714], [5.409923, 52.082715], [5.409919, 52.082717], [5.409915, 52.082718], [5.40991, 52.08272], [5.409906, 52.082721], [5.409902, 52.082723], [5.409897, 52.082725], [5.409894, 52.082726], [5.409891, 52.082728], [5.409888, 52.08273], [5.409885, 52.082731], [5.409882, 52.082733], [5.40988, 52.082735], [5.409877, 52.082737], [5.409874, 52.082739], [5.409866, 52.082743], [5.409858, 52.082747], [5.40985, 52.082751], [5.409842, 52.082755], [5.409825, 52.082765], [5.409808, 52.082774], [5.409791, 52.082784], [5.409775, 52.082794], [5.409761, 52.082796], [5.409747, 52.082797], [5.409734, 52.082799], [5.40972, 52.082801], [5.409719, 52.082783], [5.409718, 52.082765], [5.409429, 52.082755], [5.40914, 52.082745], [5.409095, 52.082745], [5.40905, 52.082744], [5.408955, 52.082725], [5.408861, 52.082707], [5.408839, 52.082703], [5.408817, 52.082699], [5.408741, 52.082684], [5.408665, 52.082669], [5.408589, 52.082655], [5.408513, 52.08264], [5.408317, 52.082606], [5.408121, 52.082572], [5.40792, 52.082536], [5.40772, 52.082499], [5.407631, 52.082484], [5.407543, 52.082468], [5.407514, 52.082463], [5.407485, 52.082457], [5.407367, 52.082436], [5.40725, 52.082415], [5.407193, 52.082406], [5.407137, 52.082396], [5.40708, 52.082386], [5.407024, 52.082377], [5.406997, 52.082372], [5.40697, 52.082368], [5.406859, 52.082349], [5.406748, 52.08233], [5.406732, 52.082327], [5.406716, 52.082325], [5.406674, 52.082318], [5.406631, 52.082311], [5.406572, 52.082302], [5.406514, 52.082293], [5.406488, 52.082288], [5.406462, 52.082284], [5.406437, 52.08228], [5.406411, 52.082275], [5.406388, 52.082272], [5.406365, 52.082268], [5.406341, 52.082264], [5.406318, 52.08226], [5.406305, 52.082258], [5.406293, 52.082256], [5.40628, 52.082254], [5.406267, 52.082252], [5.406251, 52.08225], [5.406235, 52.082248], [5.406219, 52.082246], [5.406204, 52.082244], [5.406184, 52.082241], [5.406164, 52.082239], [5.406144, 52.082236], [5.406124, 52.082234], [5.406072, 52.082227], [5.40602, 52.082221], [5.405968, 52.082214], [5.405916, 52.082208], [5.40589, 52.082205], [5.405865, 52.082202], [5.405839, 52.082199], [5.405814, 52.082195], [5.40578, 52.082192], [5.405746, 52.082188], [5.405713, 52.082184], [5.405679, 52.08218], [5.405647, 52.082177], [5.405615, 52.082174], [5.405583, 52.08217], [5.405552, 52.082167], [5.405539, 52.082166], [5.405526, 52.082164], [5.405509, 52.082164], [5.405492, 52.082164], [5.405475, 52.082163], [5.405458, 52.082163], [5.405434, 52.082163], [5.405411, 52.082162], [5.405388, 52.082162], [5.405365, 52.082162], [5.405247, 52.082161], [5.405128, 52.08216], [5.40501, 52.082158], [5.404891, 52.082157], [5.404829, 52.082157], [5.404766, 52.082156], [5.404704, 52.082155], [5.404642, 52.082155], [5.404439, 52.082153], [5.404236, 52.082151], [5.404033, 52.08215], [5.403831, 52.082148], [5.403778, 52.082157], [5.403725, 52.082166], [5.403608, 52.082176], [5.403537, 52.082187], [5.403466, 52.082198], [5.403462, 52.082199], [5.403458, 52.0822], [5.403448, 52.082202], [5.403438, 52.082204], [5.403415, 52.082208], [5.403393, 52.082213], [5.40336, 52.08222], [5.403326, 52.082227], [5.403315, 52.08223], [5.403304, 52.082232], [5.403181, 52.082261], [5.403058, 52.082289], [5.403023, 52.082297], [5.402988, 52.082305], [5.402969, 52.082309], [5.402951, 52.082313], [5.402946, 52.082315], [5.402941, 52.082316], [5.402758, 52.082376], [5.402576, 52.082435], [5.402572, 52.082436], [5.402568, 52.082438], [5.40247, 52.082469], [5.402373, 52.0825], [5.402351, 52.082507], [5.40233, 52.082514], [5.402308, 52.082521], [5.402287, 52.082528], [5.402188, 52.082559], [5.402089, 52.08259], [5.402085, 52.082592], [5.402054, 52.082601], [5.402023, 52.082611], [5.401908, 52.082649], [5.401792, 52.082686], [5.401748, 52.0827], [5.401703, 52.082714], [5.401661, 52.082728], [5.401619, 52.082741], [5.401539, 52.082767], [5.401459, 52.082793], [5.40145, 52.082796], [5.40144, 52.082799], [5.401407, 52.082811], [5.401375, 52.082824], [5.401352, 52.08283], [5.40133, 52.082836], [5.401225, 52.082869], [5.401121, 52.082901], [5.401127, 52.082908], [5.401134, 52.082915], [5.401085, 52.08293], [5.401036, 52.082945], [5.401014, 52.08298], [5.400992, 52.083014], [5.400995, 52.083049], [5.400999, 52.083085], [5.400981, 52.083118], [5.400962, 52.083151], [5.400915, 52.083172], [5.400869, 52.083194], [5.40077, 52.083224], [5.400672, 52.083254], [5.400677, 52.083261], [5.400681, 52.083268], [5.400715, 52.083323], [5.400749, 52.083379], [5.400799, 52.08345], [5.400849, 52.083521], [5.401102, 52.083571], [5.401354, 52.083621], [5.401434, 52.083634], [5.401515, 52.083648], [5.401533, 52.08365], [5.401551, 52.083651], [5.401531, 52.083734], [5.401502, 52.083854], [5.401474, 52.083974], [5.40146, 52.084027], [5.401447, 52.084081], [5.401408, 52.084236], [5.40137, 52.084392], [5.401483, 52.084385], [5.401597, 52.084378], [5.401681, 52.084371], [5.401765, 52.084365], [5.401779, 52.084364], [5.401792, 52.084363], [5.401816, 52.084361], [5.401839, 52.08436], [5.401816, 52.084446], [5.401793, 52.084531], [5.401733, 52.084749], [5.401674, 52.084967], [5.401651, 52.085052], [5.401629, 52.085137], [5.401598, 52.085255], [5.401567, 52.085372], [5.401541, 52.085466], [5.401515, 52.08556], [5.401244, 52.085576], [5.401222, 52.085655], [5.401217, 52.085673], [5.401212, 52.085691], [5.401211, 52.085695], [5.401176, 52.085859], [5.401157, 52.085952], [5.401137, 52.086046], [5.401135, 52.086057], [5.401132, 52.086068], [5.401131, 52.086076], [5.401129, 52.086085], [5.401111, 52.086173], [5.401092, 52.086262], [5.401075, 52.086339], [5.401059, 52.086416], [5.401057, 52.086424], [5.401045, 52.086478], [5.401034, 52.086532], [5.401017, 52.086607], [5.401001, 52.086682], [5.400982, 52.086776], [5.400963, 52.086871], [5.400922, 52.086878], [5.400882, 52.086885], [5.400865, 52.086887], [5.400802, 52.087103], [5.400739, 52.087319], [5.400676, 52.087541], [5.400612, 52.087762], [5.400568, 52.087916], [5.400523, 52.088071], [5.400684, 52.088061], [5.400845, 52.088051], [5.401012, 52.088043], [5.401179, 52.088035], [5.401186, 52.088034], [5.401193, 52.088034], [5.401339, 52.08803], [5.401484, 52.088025], [5.401531, 52.088023], [5.401578, 52.088022], [5.401596, 52.088035], [5.401615, 52.088049], [5.40161, 52.088064], [5.401606, 52.088079], [5.401578, 52.088167], [5.401551, 52.088255], [5.401514, 52.088378], [5.401477, 52.0885], [5.401447, 52.08859], [5.401418, 52.08868], [5.401385, 52.088787], [5.401352, 52.088894], [5.401316, 52.089005], [5.40128, 52.089116], [5.401249, 52.089209], [5.401219, 52.089301], [5.401207, 52.089338], [5.401209, 52.089338]]]]}}, {"type": "Feature", "properties": {"buurtcode": "BU03510002", "buurtnaam": "Nico Bergsteijn", "wijkcode": "WK035100", "gemeentecode": "GM0351", "gemeentenaam": "Woudenberg", "indelingswijzigingWijkenEnBuurten": 1, "water": "NEE", "meestVoorkomendePostcode": "3931", "dekkingspercentage": 1, "omgevingsadressendichtheid": 1310, "stedelijkheidAdressenPerKm2": 3, "bevolkingsdichtheidInwonersPerKm2": 6616, "aantalInwoners": 2380, "mannen": 1165, "vrouwen": 1215, "percentagePersonen0Tot15Jaar": 17, "percentagePersonen15Tot25Jaar": 12, "percentagePersonen25Tot45Jaar": 26, "percentagePersonen45Tot65Jaar": 22, "percentagePersonen65JaarEnOuder": 23, "percentageOngehuwd": 44, "percentageGehuwd": 43, "percentageGescheid": 6, "percentageVerweduwd": 7, "aantalHuishoudens": 1015, "percentageEenpersoonshuishoudens": 37, "percentageHuishoudensZonderKinderen": 29, "percentageHuishoudensMetKinderen": 34, "gemiddeldeHuishoudsgrootte": 2.3, "percentageMetHerkomstlandNederland": 85, "percentageMetHerkomstlandUitEuropaExclNl": 5, "percentageMetHerkomstlandBuitenEuropa": 10, "percentageGebInNlMetHerkomstlandNederland": 85, "percGebInNlMetHerkomstlandInEuropaExNl": 0, "percGebInNlMetHerkomstlandBuitenEuropa": 5, "percGebBuitenNlMetHerkomstlndInEuropaExNl": 5, "percGebBuitenNlMetHerkomstlndBuitenEuropa": 5, "oppervlakteTotaalInHa": 36, "oppervlakteLandInHa": 36, "oppervlakteWaterInHa": 0, "jrstatcode": "2025BU03510002", "jaar": 2025}, "bbox": [5.414675484343088, 52.0805625011126, 5.428487956608722, 52.086570197136524], "geometry": {"type": "MultiPolygon", "coordinates": [[[[5.416499, 52.086567], [5.416515, 52.086565], [5.416531, 52.086562], [5.416547, 52.086559], [5.416598, 52.08655], [5.416649, 52.086541], [5.416701, 52.086532], [5.416752, 52.086523], [5.416803, 52.086515], [5.416855, 52.086506], [5.416906, 52.086497], [5.416957, 52.086488], [5.41701, 52.086481], [5.417062, 52.086474], [5.417115, 52.086466], [5.417168, 52.086459], [5.417191, 52.086456], [5.417215, 52.086453], [5.417239, 52.08645], [5.417263, 52.086446], [5.41726, 52.086439], [5.417275, 52.086429], [5.417293, 52.086427], [5.41731, 52.086425], [5.417328, 52.086423], [5.41732, 52.086401], [5.417313, 52.086379], [5.417306, 52.086357], [5.417299, 52.086336], [5.417286, 52.086337], [5.41726, 52.086296], [5.417246, 52.086254], [5.417233, 52.086212], [5.417219, 52.08617], [5.417213, 52.086153], [5.417207, 52.086135], [5.417202, 52.086118], [5.417196, 52.086101], [5.417246, 52.086093], [5.417297, 52.086085], [5.417347, 52.086077], [5.417397, 52.086069], [5.417541, 52.086047], [5.417684, 52.086025], [5.417827, 52.086003], [5.41797, 52.085981], [5.418122, 52.085957], [5.418274, 52.085934], [5.418426, 52.085911], [5.418578, 52.085887], [5.41873, 52.085864], [5.418882, 52.085841], [5.419034, 52.085817], [5.419186, 52.085794], [5.419311, 52.085775], [5.419436, 52.085757], [5.419561, 52.085738], [5.419686, 52.085719], [5.419811, 52.0857], [5.419937, 52.085682], [5.420062, 52.085663], [5.420187, 52.085644], [5.420204, 52.085642], [5.420222, 52.085639], [5.420239, 52.085637], [5.420257, 52.085634], [5.420485, 52.0856], [5.420714, 52.085566], [5.420942, 52.085533], [5.421171, 52.085499], [5.421239, 52.085489], [5.421307, 52.085479], [5.421374, 52.085468], [5.421442, 52.085458], [5.42151, 52.085448], [5.421577, 52.085438], [5.421645, 52.085428], [5.421713, 52.085418], [5.421828, 52.0854], [5.421943, 52.085383], [5.422058, 52.085365], [5.422173, 52.085347], [5.422288, 52.08533], [5.422403, 52.085312], [5.422518, 52.085294], [5.422633, 52.085276], [5.422716, 52.085264], [5.422799, 52.085251], [5.422882, 52.085238], [5.422965, 52.085226], [5.423048, 52.085213], [5.423131, 52.0852], [5.423214, 52.085187], [5.423297, 52.085175], [5.423289, 52.08516], [5.42328, 52.085145], [5.423272, 52.085131], [5.423263, 52.085116], [5.423255, 52.085102], [5.423246, 52.085087], [5.423238, 52.085072], [5.423229, 52.085058], [5.423201, 52.085022], [5.423173, 52.084985], [5.423144, 52.084949], [5.423116, 52.084913], [5.423087, 52.084877], [5.423059, 52.08484], [5.423031, 52.084804], [5.423002, 52.084768], [5.423034, 52.08476], [5.423066, 52.084753], [5.423098, 52.084745], [5.42313, 52.084737], [5.423208, 52.084725], [5.423275, 52.084715], [5.423342, 52.084705], [5.423409, 52.084695], [5.423476, 52.084684], [5.423543, 52.084674], [5.42361, 52.084664], [5.423677, 52.084654], [5.423726, 52.084646], [5.423774, 52.084639], [5.423823, 52.084632], [5.423872, 52.084624], [5.423921, 52.084617], [5.423969, 52.084609], [5.424018, 52.084602], [5.424067, 52.084594], [5.424095, 52.08459], [5.424124, 52.084586], [5.424152, 52.084581], [5.424181, 52.084577], [5.424209, 52.084573], [5.424237, 52.084568], [5.424266, 52.084564], [5.424294, 52.084559], [5.424316, 52.084556], [5.424338, 52.084553], [5.424358, 52.08455], [5.424378, 52.084546], [5.424493, 52.084529], [5.4246, 52.084512], [5.424707, 52.084496], [5.424814, 52.084479], [5.424921, 52.084463], [5.425028, 52.084446], [5.425135, 52.08443], [5.425242, 52.084413], [5.42532, 52.084401], [5.425397, 52.084389], [5.425474, 52.084377], [5.425552, 52.084366], [5.425575, 52.084362], [5.425599, 52.084358], [5.425623, 52.084355], [5.425647, 52.084351], [5.425818, 52.084325], [5.425988, 52.084299], [5.426157, 52.084273], [5.426325, 52.084247], [5.426385, 52.084238], [5.426444, 52.084229], [5.426503, 52.08422], [5.426562, 52.084212], [5.426496, 52.08405], [5.42643, 52.083888], [5.426364, 52.083727], [5.426298, 52.083565], [5.426339, 52.083559], [5.42638, 52.083553], [5.426421, 52.083547], [5.426462, 52.083541], [5.426478, 52.083538], [5.426526, 52.083531], [5.426568, 52.083524], [5.426587, 52.083521], [5.426606, 52.083518], [5.426625, 52.083515], [5.426643, 52.083512], [5.426662, 52.08351], [5.426681, 52.083507], [5.4267, 52.083504], [5.426719, 52.083501], [5.426738, 52.083498], [5.426777, 52.083492], [5.426815, 52.083486], [5.426834, 52.083483], [5.426853, 52.08348], [5.426872, 52.083477], [5.426891, 52.083474], [5.426916, 52.08347], [5.426933, 52.083467], [5.42695, 52.083464], [5.426967, 52.083462], [5.426996, 52.083457], [5.427025, 52.083453], [5.427044, 52.08345], [5.427082, 52.083444], [5.42712, 52.083438], [5.427136, 52.083435], [5.427153, 52.083433], [5.427175, 52.083429], [5.427196, 52.083426], [5.427215, 52.083423], [5.427235, 52.08342], [5.427254, 52.083417], [5.427273, 52.083414], [5.427298, 52.08341], [5.427315, 52.083407], [5.427332, 52.083405], [5.427349, 52.083402], [5.427364, 52.0834], [5.427379, 52.083397], [5.427395, 52.083395], [5.42741, 52.083393], [5.427425, 52.08339], [5.427442, 52.083388], [5.427458, 52.083385], [5.42748, 52.083382], [5.427502, 52.083378], [5.427519, 52.083376], [5.427536, 52.083373], [5.427551, 52.083371], [5.427566, 52.083369], [5.427581, 52.083366], [5.427596, 52.083364], [5.427621, 52.08336], [5.427646, 52.083356], [5.427636, 52.083333], [5.427626, 52.083309], [5.427605, 52.083259], [5.427584, 52.083208], [5.427573, 52.083182], [5.427561, 52.083155], [5.427581, 52.083152], [5.4276, 52.083149], [5.427626, 52.083145], [5.427651, 52.083141], [5.427683, 52.083136], [5.427715, 52.083131], [5.427748, 52.083126], [5.427781, 52.083121], [5.427814, 52.083116], [5.427847, 52.083111], [5.42788, 52.083105], [5.427914, 52.0831], [5.427947, 52.083095], [5.42798, 52.08309], [5.428004, 52.083086], [5.428028, 52.083083], [5.428052, 52.083079], [5.428076, 52.083075], [5.428094, 52.083072], [5.428113, 52.08307], [5.428145, 52.083065], [5.428178, 52.08306], [5.428211, 52.083055], [5.428244, 52.08305], [5.428287, 52.083044], [5.428331, 52.083037], [5.428405, 52.083026], [5.42848, 52.083015], [5.428487, 52.083014], [5.428488, 52.082997], [5.428482, 52.082982], [5.428444, 52.082926], [5.428421, 52.082868], [5.428397, 52.082809], [5.428374, 52.082751], [5.428352, 52.082713], [5.428336, 52.082674], [5.42832, 52.082634], [5.428304, 52.082595], [5.428278, 52.082537], [5.428257, 52.082486], [5.428246, 52.08246], [5.428234, 52.082434], [5.428233, 52.082431], [5.428221, 52.082404], [5.428213, 52.082385], [5.428196, 52.082345], [5.428179, 52.082305], [5.428162, 52.082265], [5.428145, 52.082225], [5.42814, 52.082214], [5.428135, 52.082202], [5.428114, 52.082155], [5.428093, 52.082107], [5.428075, 52.082063], [5.428057, 52.082019], [5.428039, 52.081974], [5.428021, 52.08193], [5.428017, 52.081924], [5.427996, 52.081875], [5.427977, 52.081834], [5.427956, 52.081788], [5.427936, 52.081743], [5.427923, 52.08171], [5.42791, 52.081678], [5.427896, 52.081646], [5.427883, 52.081613], [5.427873, 52.08159], [5.427864, 52.081566], [5.427849, 52.081531], [5.427835, 52.081497], [5.427831, 52.081489], [5.427824, 52.081472], [5.427801, 52.081416], [5.427782, 52.081369], [5.427763, 52.081322], [5.427744, 52.081275], [5.42772, 52.081211], [5.427687, 52.081149], [5.427654, 52.081087], [5.42762, 52.081026], [5.427612, 52.08101], [5.427603, 52.080995], [5.427595, 52.080979], [5.427586, 52.080964], [5.427576, 52.080945], [5.427566, 52.080925], [5.427556, 52.080906], [5.427546, 52.080887], [5.427523, 52.080891], [5.427501, 52.080894], [5.427479, 52.080898], [5.427457, 52.080902], [5.427432, 52.080836], [5.427406, 52.080771], [5.427381, 52.080706], [5.427356, 52.080641], [5.427352, 52.080627], [5.427348, 52.080614], [5.427344, 52.0806], [5.42734, 52.080587], [5.427335, 52.080575], [5.42733, 52.080563], [5.42727, 52.080571], [5.427211, 52.08058], [5.42701, 52.080608], [5.426809, 52.080637], [5.426734, 52.080648], [5.426672, 52.080657], [5.426613, 52.080665], [5.426554, 52.080674], [5.426463, 52.080687], [5.426372, 52.0807], [5.426189, 52.080726], [5.426005, 52.080753], [5.425893, 52.080769], [5.42578, 52.080785], [5.425628, 52.080807], [5.425475, 52.080829], [5.425467, 52.08083], [5.425452, 52.080832], [5.425348, 52.080848], [5.425251, 52.080863], [5.425237, 52.080865], [5.425222, 52.080867], [5.425207, 52.080869], [5.425193, 52.080871], [5.425098, 52.080885], [5.425015, 52.080897], [5.424974, 52.080903], [5.424947, 52.080907], [5.42492, 52.080911], [5.424893, 52.080914], [5.424885, 52.080916], [5.424868, 52.080918], [5.424851, 52.080921], [5.424784, 52.08093], [5.42473, 52.080938], [5.424699, 52.080943], [5.424669, 52.080947], [5.424563, 52.080963], [5.424457, 52.080978], [5.424389, 52.080988], [5.42432, 52.080998], [5.424287, 52.081003], [5.424254, 52.081007], [5.424222, 52.081012], [5.424189, 52.081017], [5.424122, 52.081027], [5.424056, 52.081036], [5.424023, 52.081041], [5.42399, 52.081046], [5.423958, 52.081051], [5.423925, 52.081055], [5.423812, 52.081072], [5.423705, 52.081087], [5.423697, 52.081089], [5.423682, 52.081091], [5.423628, 52.081099], [5.423581, 52.081105], [5.423546, 52.081111], [5.42351, 52.081116], [5.4235, 52.081117], [5.423443, 52.081126], [5.423398, 52.081132], [5.423352, 52.081139], [5.423306, 52.081146], [5.423275, 52.08115], [5.423243, 52.081155], [5.423226, 52.081157], [5.423209, 52.08116], [5.423192, 52.081162], [5.423175, 52.081165], [5.423144, 52.081169], [5.423112, 52.081174], [5.423079, 52.081179], [5.423045, 52.081184], [5.422997, 52.081191], [5.422949, 52.081198], [5.422931, 52.0812], [5.422914, 52.081203], [5.422896, 52.081206], [5.422879, 52.081208], [5.422865, 52.08121], [5.422837, 52.081214], [5.422784, 52.081222], [5.422746, 52.081228], [5.422704, 52.081234], [5.422662, 52.08124], [5.422608, 52.081248], [5.422554, 52.081256], [5.422497, 52.081264], [5.422441, 52.081272], [5.42234, 52.081287], [5.422239, 52.081301], [5.422219, 52.081304], [5.422199, 52.081307], [5.422107, 52.081321], [5.422015, 52.081334], [5.42193, 52.081346], [5.421845, 52.081359], [5.421731, 52.081376], [5.421616, 52.081394], [5.421493, 52.081412], [5.42137, 52.081431], [5.421293, 52.081443], [5.421216, 52.081454], [5.421138, 52.081466], [5.421061, 52.081477], [5.420951, 52.081494], [5.420841, 52.08151], [5.420822, 52.081515], [5.420803, 52.081519], [5.420783, 52.081523], [5.420763, 52.081528], [5.420742, 52.081532], [5.420722, 52.081537], [5.420697, 52.081543], [5.420672, 52.081548], [5.420656, 52.081552], [5.42064, 52.081555], [5.420624, 52.081559], [5.420608, 52.081563], [5.420589, 52.081567], [5.42057, 52.081571], [5.420551, 52.081575], [5.420531, 52.08158], [5.420527, 52.081574], [5.420441, 52.081585], [5.420358, 52.081603], [5.420336, 52.081607], [5.420314, 52.081612], [5.420297, 52.081616], [5.42028, 52.081619], [5.420257, 52.081624], [5.420233, 52.081629], [5.420214, 52.081633], [5.420195, 52.081637], [5.420149, 52.081645], [5.420106, 52.081651], [5.420063, 52.081658], [5.420019, 52.081665], [5.419975, 52.081672], [5.419931, 52.081678], [5.419888, 52.081685], [5.419844, 52.081692], [5.419837, 52.081675], [5.419831, 52.081659], [5.419824, 52.081642], [5.419817, 52.081626], [5.419766, 52.081633], [5.419714, 52.08164], [5.419663, 52.081648], [5.419611, 52.081655], [5.419618, 52.081672], [5.419624, 52.08169], [5.41963, 52.081707], [5.419637, 52.081724], [5.419597, 52.08173], [5.419558, 52.081736], [5.419518, 52.081742], [5.419479, 52.081748], [5.419435, 52.081755], [5.419391, 52.081761], [5.419347, 52.081768], [5.419304, 52.081775], [5.419295, 52.081757], [5.419288, 52.081739], [5.419281, 52.081721], [5.419274, 52.081703], [5.419228, 52.08171], [5.419182, 52.081716], [5.419136, 52.081723], [5.41909, 52.081729], [5.419076, 52.081731], [5.41905, 52.081735], [5.419003, 52.081742], [5.418969, 52.081746], [5.418936, 52.081751], [5.418902, 52.081756], [5.418858, 52.081762], [5.418815, 52.081769], [5.418771, 52.081775], [5.418728, 52.081781], [5.418691, 52.081786], [5.418655, 52.081792], [5.418618, 52.081797], [5.418582, 52.081802], [5.418568, 52.081804], [5.418545, 52.081808], [5.418525, 52.081811], [5.418497, 52.081815], [5.418478, 52.081818], [5.418459, 52.081821], [5.418441, 52.081824], [5.418419, 52.081828], [5.4184, 52.081831], [5.418381, 52.081834], [5.418362, 52.081838], [5.418299, 52.081849], [5.418246, 52.081859], [5.418192, 52.08187], [5.418138, 52.08188], [5.418145, 52.081898], [5.418152, 52.081915], [5.418159, 52.081933], [5.418166, 52.081951], [5.418154, 52.081953], [5.418129, 52.081957], [5.418095, 52.081962], [5.418073, 52.081965], [5.418051, 52.081968], [5.41803, 52.081972], [5.41801, 52.081975], [5.41799, 52.081978], [5.417971, 52.081981], [5.417951, 52.081984], [5.417934, 52.081987], [5.417916, 52.08199], [5.417898, 52.081992], [5.417881, 52.081995], [5.417874, 52.08198], [5.417868, 52.081964], [5.417861, 52.081948], [5.417855, 52.081933], [5.417847, 52.081934], [5.417832, 52.081937], [5.417829, 52.08195], [5.417834, 52.081962], [5.417775, 52.081971], [5.417717, 52.08198], [5.417658, 52.081989], [5.4176, 52.081998], [5.41758, 52.082009], [5.417557, 52.082012], [5.417523, 52.082017], [5.41749, 52.082023], [5.417456, 52.082028], [5.417422, 52.082033], [5.417391, 52.082038], [5.41736, 52.082043], [5.417329, 52.082047], [5.417297, 52.082052], [5.41727, 52.082057], [5.417243, 52.082061], [5.417215, 52.082066], [5.417188, 52.08207], [5.417159, 52.082075], [5.41713, 52.082079], [5.4171, 52.082084], [5.417071, 52.082089], [5.417056, 52.082091], [5.417041, 52.082094], [5.417026, 52.082096], [5.41701, 52.082099], [5.416997, 52.082101], [5.416971, 52.082105], [5.416931, 52.082111], [5.416905, 52.082115], [5.416878, 52.08212], [5.416852, 52.082124], [5.416841, 52.082125], [5.416818, 52.082126], [5.4168, 52.082127], [5.416781, 52.082129], [5.416758, 52.082131], [5.416736, 52.082133], [5.416722, 52.082134], [5.416698, 52.082136], [5.416678, 52.082138], [5.416651, 52.082141], [5.416633, 52.082143], [5.416615, 52.082145], [5.416598, 52.082147], [5.416557, 52.082151], [5.416526, 52.082154], [5.416496, 52.082157], [5.416465, 52.082159], [5.416436, 52.082162], [5.416407, 52.082165], [5.416394, 52.082167], [5.41637, 52.082169], [5.416348, 52.082171], [5.416269, 52.082177], [5.4162, 52.082183], [5.416137, 52.082187], [5.416073, 52.082192], [5.41601, 52.082197], [5.415947, 52.082202], [5.415896, 52.082207], [5.415845, 52.082212], [5.415794, 52.082217], [5.415743, 52.082222], [5.415681, 52.082228], [5.41562, 52.082234], [5.415585, 52.082237], [5.415549, 52.08224], [5.415512, 52.082244], [5.415474, 52.082247], [5.41542, 52.082252], [5.415365, 52.082257], [5.415311, 52.082262], [5.415257, 52.082267], [5.415226, 52.082269], [5.415196, 52.082272], [5.415145, 52.082277], [5.415094, 52.082281], [5.41506, 52.082284], [5.415027, 52.082288], [5.415029, 52.082297], [5.415032, 52.082307], [5.41501, 52.082309], [5.414989, 52.082311], [5.414963, 52.082313], [5.414938, 52.082316], [5.414912, 52.082318], [5.414887, 52.082321], [5.414893, 52.082345], [5.414899, 52.082369], [5.414886, 52.08237], [5.41489, 52.082384], [5.414894, 52.082398], [5.414907, 52.082397], [5.41491, 52.08241], [5.414913, 52.082422], [5.414893, 52.082424], [5.414865, 52.082426], [5.414864, 52.082421], [5.414844, 52.082422], [5.414824, 52.082424], [5.414805, 52.082425], [5.414785, 52.082427], [5.414766, 52.082428], [5.414748, 52.08243], [5.414749, 52.082435], [5.414736, 52.082436], [5.414733, 52.082437], [5.414731, 52.082438], [5.414728, 52.082439], [5.414726, 52.082441], [5.414723, 52.082442], [5.414721, 52.082444], [5.414716, 52.082446], [5.414712, 52.082449], [5.414708, 52.082452], [5.414703, 52.082455], [5.414701, 52.082456], [5.414699, 52.082458], [5.414698, 52.08246], [5.414697, 52.082461], [5.414696, 52.082462], [5.414695, 52.082464], [5.414694, 52.082465], [5.414694, 52.082467], [5.414693, 52.082469], [5.414691, 52.082473], [5.41469, 52.082477], [5.414689, 52.082481], [5.414687, 52.082485], [5.414686, 52.082493], [5.414684, 52.0825], [5.414682, 52.082508], [5.41468, 52.082515], [5.414679, 52.08252], [5.414678, 52.082524], [5.414678, 52.082528], [5.414677, 52.082532], [5.414676, 52.082537], [5.414676, 52.082542], [5.414676, 52.082547], [5.414675, 52.082553], [5.414676, 52.082561], [5.414676, 52.082568], [5.414677, 52.082576], [5.414677, 52.082583], [5.414678, 52.082588], [5.414678, 52.082592], [5.414679, 52.082596], [5.414679, 52.0826], [5.414682, 52.082608], [5.414684, 52.082616], [5.414685, 52.082619], [5.414686, 52.082623], [5.414688, 52.082628], [5.41469, 52.082633], [5.414691, 52.082638], [5.414693, 52.082643], [5.414703, 52.082664], [5.414713, 52.082686], [5.414723, 52.082707], [5.414734, 52.082732], [5.414721, 52.082734], [5.414708, 52.082736], [5.414725, 52.082772], [5.414743, 52.082807], [5.414754, 52.08283], [5.414764, 52.082852], [5.414778, 52.082881], [5.414792, 52.082909], [5.414802, 52.082907], [5.414813, 52.082905], [5.414831, 52.082944], [5.414849, 52.082982], [5.414867, 52.083019], [5.414885, 52.083056], [5.414902, 52.083093], [5.41492, 52.08313], [5.414932, 52.083156], [5.414945, 52.083181], [5.414951, 52.083193], [5.414956, 52.083204], [5.414982, 52.083255], [5.415008, 52.083306], [5.415025, 52.08334], [5.415043, 52.083375], [5.41506, 52.083409], [5.415077, 52.083443], [5.415095, 52.083479], [5.415113, 52.083514], [5.41513, 52.083548], [5.415147, 52.083581], [5.415148, 52.083584], [5.41515, 52.083587], [5.415151, 52.083589], [5.415151, 52.08359], [5.415152, 52.083591], [5.415163, 52.083612], [5.415173, 52.083633], [5.415184, 52.083654], [5.415194, 52.083675], [5.415213, 52.083714], [5.415233, 52.083753], [5.415239, 52.083765], [5.415245, 52.083777], [5.415245, 52.083778], [5.415246, 52.083779], [5.415249, 52.083785], [5.415252, 52.08379], [5.415255, 52.083797], [5.415258, 52.083803], [5.41526, 52.083808], [5.415294, 52.083874], [5.415327, 52.08394], [5.415361, 52.084008], [5.415397, 52.084077], [5.415407, 52.084098], [5.415416, 52.084119], [5.415426, 52.08414], [5.415435, 52.084162], [5.415431, 52.084162], [5.415448, 52.084201], [5.415466, 52.084239], [5.415484, 52.084278], [5.415501, 52.084316], [5.415521, 52.084359], [5.415541, 52.084402], [5.415561, 52.084444], [5.41558, 52.084487], [5.415584, 52.084495], [5.415587, 52.084503], [5.415591, 52.08451], [5.415594, 52.084518], [5.415618, 52.084572], [5.415642, 52.084626], [5.415643, 52.084629], [5.415644, 52.084632], [5.41567, 52.084689], [5.415695, 52.084746], [5.415708, 52.084775], [5.415721, 52.084805], [5.415724, 52.08481], [5.415726, 52.084815], [5.415737, 52.084839], [5.415748, 52.084864], [5.415755, 52.08488], [5.415762, 52.084895], [5.415769, 52.084911], [5.415776, 52.084927], [5.41579, 52.084958], [5.415804, 52.084988], [5.415817, 52.085019], [5.415831, 52.08505], [5.415859, 52.085045], [5.415887, 52.085041], [5.4159, 52.085077], [5.41592, 52.085134], [5.415948, 52.08521], [5.415949, 52.085213], [5.415954, 52.085229], [5.415994, 52.085339], [5.416002, 52.085359], [5.416014, 52.085384], [5.41602, 52.085397], [5.416026, 52.08541], [5.416034, 52.085429], [5.416043, 52.085448], [5.416051, 52.085467], [5.41606, 52.085487], [5.416094, 52.085563], [5.416128, 52.08564], [5.416162, 52.085716], [5.416196, 52.085793], [5.416169, 52.085797], [5.416142, 52.085802], [5.416208, 52.085952], [5.416274, 52.086102], [5.416278, 52.086112], [5.416282, 52.086122], [5.416287, 52.086133], [5.416291, 52.086143], [5.416296, 52.086154], [5.416301, 52.086166], [5.416306, 52.086177], [5.416311, 52.086188], [5.416316, 52.086199], [5.41632, 52.08621], [5.416325, 52.086222], [5.41633, 52.086233], [5.416337, 52.086247], [5.416343, 52.086262], [5.41635, 52.086277], [5.416357, 52.086291], [5.416363, 52.086306], [5.41637, 52.08632], [5.416377, 52.086335], [5.416383, 52.08635], [5.416391, 52.086366], [5.416398, 52.086383], [5.416406, 52.086399], [5.416413, 52.086415], [5.416422, 52.086435], [5.416431, 52.086454], [5.416439, 52.086473], [5.416448, 52.086493], [5.416457, 52.086512], [5.416465, 52.086532], [5.416474, 52.086551], [5.416483, 52.08657], [5.416499, 52.086567]]]]}}, {"type": "Feature", "properties": {"buurtcode": "BU03510003", "buurtnaam": "Nieuwoord", "wijkcode": "WK035100", "gemeentecode": "GM0351", "gemeentenaam": "Woudenberg", "indelingswijzigingWijkenEnBuurten": 1, "water": "NEE", "meestVoorkomendePostcode": "3931", "dekkingspercentage": 1, "omgevingsadressendichtheid": 1091, "stedelijkheidAdressenPerKm2": 3, "bevolkingsdichtheidInwonersPerKm2": 4627, "aantalInwoners": 1500, "mannen": 730, "vrouwen": 770, "percentagePersonen0Tot15Jaar": 17, "percentagePersonen15Tot25Jaar": 11, "percentagePersonen25Tot45Jaar": 20, "percentagePersonen45Tot65Jaar": 25, "percentagePersonen65JaarEnOuder": 28, "percentageOngehuwd": 39, "percentageGehuwd": 47, "percentageGescheid": 7, "percentageVerweduwd": 7, "aantalHuishoudens": 625, "percentageEenpersoonshuishoudens": 30, "percentageHuishoudensZonderKinderen": 36, "percentageHuishoudensMetKinderen": 34, "gemiddeldeHuishoudsgrootte": 2.3, "percentageMetHerkomstlandNederland": 90, "percentageMetHerkomstlandUitEuropaExclNl": 5, "percentageMetHerkomstlandBuitenEuropa": 10, "percentageGebInNlMetHerkomstlandNederland": 90, "percGebInNlMetHerkomstlandInEuropaExNl": 0, "percGebInNlMetHerkomstlandBuitenEuropa": 5, "percGebBuitenNlMetHerkomstlndInEuropaExNl": 0, "percGebBuitenNlMetHerkomstlndBuitenEuropa": 5, "oppervlakteTotaalInHa": 33, "oppervlakteLandInHa": 32, "oppervlakteWaterInHa": 1, "jrstatcode": "2025BU03510003", "jaar": 2025}, "bbox": [5.403830595077228, 52.07688084186194, 5.414584113438246, 52.0828013252578], "geometry": {"type": "MultiPolygon", "coordinates": [[[[5.409734, 52.082799], [5.409747, 52.082797], [5.409761, 52.082796], [5.409775, 52.082794], [5.409791, 52.082784], [5.409808, 52.082774], [5.409825, 52.082765], [5.409842, 52.082755], [5.40985, 52.082751], [5.409858, 52.082747], [5.409866, 52.082743], [5.409874, 52.082739], [5.409877, 52.082737], [5.40988, 52.082735], [5.409882, 52.082733], [5.409885, 52.082731], [5.409888, 52.08273], [5.409891, 52.082728], [5.409894, 52.082726], [5.409897, 52.082725], [5.409902, 52.082723], [5.409906, 52.082721], [5.40991, 52.08272], [5.409915, 52.082718], [5.409919, 52.082717], [5.409923, 52.082715], [5.409927, 52.082714], [5.409931, 52.082712], [5.409936, 52.082712], [5.409941, 52.082711], [5.409946, 52.08271], [5.409951, 52.082709], [5.409993, 52.082704], [5.410034, 52.082699], [5.410059, 52.082696], [5.410084, 52.082693], [5.410111, 52.082689], [5.410138, 52.082686], [5.410164, 52.082683], [5.410191, 52.08268], [5.410198, 52.082679], [5.410206, 52.082678], [5.410213, 52.082677], [5.41022, 52.082676], [5.410225, 52.082675], [5.410231, 52.082674], [5.410236, 52.082673], [5.410242, 52.082673], [5.410249, 52.082672], [5.410256, 52.082671], [5.410263, 52.08267], [5.410271, 52.082669], [5.410318, 52.082662], [5.410366, 52.082655], [5.410384, 52.082652], [5.410401, 52.082649], [5.410467, 52.082639], [5.410532, 52.082629], [5.410609, 52.082617], [5.410686, 52.082604], [5.410692, 52.082603], [5.410699, 52.082602], [5.410705, 52.082601], [5.410712, 52.0826], [5.410719, 52.082599], [5.410727, 52.082599], [5.410734, 52.082598], [5.410742, 52.082598], [5.410785, 52.082594], [5.410829, 52.08259], [5.410873, 52.082586], [5.410917, 52.082582], [5.41097, 52.08258], [5.411022, 52.082579], [5.411075, 52.082577], [5.411128, 52.082576], [5.41115, 52.082575], [5.411171, 52.082573], [5.411174, 52.082573], [5.411178, 52.082573], [5.411196, 52.082572], [5.411214, 52.082571], [5.411232, 52.08257], [5.41125, 52.082569], [5.411269, 52.082567], [5.411287, 52.082566], [5.411293, 52.082566], [5.411299, 52.082566], [5.411305, 52.082565], [5.411311, 52.082565], [5.411314, 52.082565], [5.411318, 52.082564], [5.411321, 52.082564], [5.411325, 52.082564], [5.41138, 52.082562], [5.411435, 52.082561], [5.411491, 52.082559], [5.411546, 52.082558], [5.411552, 52.082558], [5.411559, 52.082558], [5.411565, 52.082557], [5.411571, 52.082557], [5.411634, 52.082552], [5.411697, 52.082548], [5.411761, 52.082543], [5.411824, 52.082538], [5.411832, 52.082537], [5.411839, 52.082537], [5.411865, 52.082535], [5.41189, 52.082534], [5.411915, 52.082532], [5.411941, 52.08253], [5.411989, 52.082527], [5.412037, 52.082524], [5.412085, 52.082521], [5.412133, 52.082518], [5.412147, 52.082516], [5.412161, 52.082514], [5.412174, 52.082512], [5.412188, 52.082509], [5.412237, 52.082508], [5.412285, 52.082506], [5.412332, 52.082504], [5.41238, 52.082502], [5.412389, 52.082502], [5.412398, 52.082502], [5.412408, 52.082501], [5.412417, 52.082501], [5.412454, 52.082498], [5.412492, 52.082495], [5.412529, 52.082492], [5.412567, 52.08249], [5.412625, 52.082485], [5.412683, 52.082481], [5.41269, 52.082481], [5.412698, 52.08248], [5.412754, 52.082477], [5.41281, 52.082473], [5.412846, 52.08247], [5.412883, 52.082467], [5.412919, 52.082464], [5.412955, 52.082461], [5.412987, 52.082461], [5.41302, 52.08246], [5.413052, 52.08246], [5.413084, 52.08246], [5.413096, 52.082459], [5.413108, 52.082458], [5.413119, 52.082456], [5.413131, 52.082455], [5.413154, 52.082454], [5.413176, 52.082452], [5.413199, 52.08245], [5.413221, 52.082448], [5.413233, 52.082447], [5.413245, 52.082446], [5.413257, 52.082444], [5.413269, 52.082443], [5.413275, 52.082443], [5.41328, 52.082442], [5.413329, 52.082438], [5.413378, 52.082434], [5.413427, 52.08243], [5.413476, 52.082425], [5.413497, 52.082424], [5.413518, 52.082422], [5.413517, 52.082419], [5.413517, 52.082416], [5.413545, 52.082413], [5.413573, 52.08241], [5.413601, 52.082406], [5.413629, 52.082403], [5.413629, 52.082406], [5.41363, 52.08241], [5.413654, 52.082407], [5.413679, 52.082405], [5.413706, 52.082402], [5.413733, 52.0824], [5.41376, 52.082398], [5.413786, 52.082396], [5.413789, 52.082396], [5.413807, 52.082395], [5.413825, 52.082394], [5.413842, 52.082393], [5.413859, 52.082392], [5.413913, 52.082388], [5.413967, 52.082384], [5.413968, 52.082385], [5.413968, 52.082387], [5.413969, 52.082388], [5.41397, 52.08239], [5.413971, 52.082392], [5.413973, 52.082393], [5.413978, 52.082393], [5.413984, 52.082394], [5.413986, 52.082394], [5.413988, 52.082394], [5.413992, 52.082407], [5.413995, 52.082419], [5.413999, 52.082431], [5.414003, 52.082444], [5.414005, 52.082458], [5.414008, 52.082472], [5.414011, 52.082486], [5.414013, 52.082501], [5.41402, 52.0825], [5.414027, 52.0825], [5.414032, 52.082499], [5.414038, 52.082499], [5.414038, 52.082498], [5.414037, 52.082496], [5.414044, 52.082496], [5.41405, 52.082495], [5.414049, 52.082492], [5.414049, 52.082488], [5.414065, 52.082487], [5.414081, 52.082486], [5.414081, 52.08249], [5.414082, 52.082493], [5.414121, 52.082491], [5.414161, 52.082488], [5.414184, 52.082486], [5.414206, 52.082485], [5.414182, 52.082426], [5.414158, 52.082367], [5.414371, 52.082347], [5.414584, 52.082328], [5.414571, 52.0823], [5.414558, 52.082272], [5.414542, 52.082236], [5.414525, 52.0822], [5.41451, 52.082168], [5.414495, 52.082136], [5.414486, 52.082118], [5.414445, 52.082032], [5.414404, 52.081946], [5.414353, 52.081839], [5.414394, 52.081774], [5.414397, 52.08177], [5.414399, 52.081766], [5.414406, 52.081761], [5.414413, 52.081755], [5.414418, 52.08175], [5.414424, 52.081744], [5.414428, 52.081741], [5.414431, 52.081738], [5.414436, 52.081731], [5.414442, 52.081724], [5.414443, 52.081723], [5.414445, 52.081719], [5.414448, 52.081716], [5.414452, 52.08171], [5.414455, 52.081705], [5.414458, 52.0817], [5.41446, 52.081695], [5.414463, 52.081689], [5.414465, 52.081684], [5.414466, 52.081681], [5.414467, 52.081679], [5.41447, 52.081667], [5.414473, 52.081655], [5.414474, 52.081651], [5.414475, 52.081646], [5.414475, 52.081638], [5.414476, 52.08163], [5.414476, 52.081626], [5.414476, 52.081622], [5.414467, 52.081586], [5.414462, 52.081577], [5.414458, 52.081567], [5.414434, 52.08153], [5.414425, 52.08152], [5.414416, 52.081511], [5.41441, 52.081506], [5.414404, 52.081501], [5.414388, 52.08149], [5.414372, 52.081479], [5.414367, 52.081476], [5.414362, 52.081473], [5.414357, 52.08147], [5.414352, 52.081467], [5.414332, 52.081458], [5.414311, 52.081449], [5.414301, 52.081444], [5.41429, 52.08144], [5.414271, 52.081435], [5.414252, 52.081429], [5.414236, 52.081425], [5.41422, 52.081421], [5.414207, 52.081417], [5.414194, 52.081413], [5.414186, 52.081407], [5.414177, 52.081401], [5.414131, 52.081322], [5.414084, 52.081243], [5.414046, 52.081175], [5.414008, 52.081107], [5.413971, 52.081042], [5.41396, 52.081021], [5.413957, 52.081015], [5.41395, 52.081003], [5.413937, 52.080979], [5.413924, 52.080955], [5.413917, 52.080939], [5.413909, 52.080924], [5.413902, 52.080911], [5.413896, 52.080898], [5.413891, 52.080887], [5.413885, 52.080875], [5.413881, 52.080862], [5.413876, 52.08085], [5.413872, 52.08084], [5.413867, 52.080829], [5.413864, 52.080818], [5.41386, 52.080807], [5.413852, 52.080782], [5.413844, 52.080756], [5.413836, 52.080729], [5.413834, 52.080723], [5.413823, 52.080689], [5.413814, 52.080663], [5.413805, 52.080637], [5.413797, 52.080616], [5.413789, 52.080595], [5.413787, 52.080588], [5.413785, 52.080581], [5.413783, 52.080575], [5.41378, 52.080569], [5.41376, 52.080525], [5.413741, 52.080482], [5.413737, 52.080477], [5.413734, 52.080473], [5.413722, 52.080459], [5.413711, 52.080445], [5.413699, 52.080431], [5.413688, 52.080418], [5.413673, 52.080402], [5.413657, 52.080386], [5.413633, 52.080358], [5.413609, 52.08033], [5.413592, 52.080309], [5.413575, 52.080288], [5.413574, 52.080286], [5.413573, 52.080284], [5.413541, 52.080223], [5.41351, 52.080162], [5.413507, 52.080157], [5.413505, 52.080152], [5.413494, 52.080132], [5.413483, 52.080111], [5.41347, 52.080113], [5.413468, 52.08011], [5.413451, 52.080079], [5.413434, 52.080049], [5.413425, 52.080031], [5.413415, 52.080014], [5.413367, 52.079915], [5.413318, 52.079816], [5.413315, 52.079808], [5.413311, 52.079801], [5.41331, 52.079799], [5.413309, 52.079797], [5.413283, 52.079737], [5.413258, 52.079677], [5.413215, 52.079571], [5.413172, 52.079464], [5.413165, 52.079444], [5.413156, 52.07942], [5.413146, 52.079394], [5.413137, 52.079368], [5.413109, 52.079284], [5.413081, 52.079201], [5.41308, 52.079199], [5.413077, 52.079187], [5.413073, 52.079174], [5.413065, 52.079142], [5.413057, 52.07911], [5.413057, 52.079108], [5.413056, 52.079106], [5.413055, 52.079072], [5.413053, 52.079037], [5.413054, 52.07903], [5.413054, 52.079023], [5.413054, 52.079017], [5.413054, 52.079011], [5.413055, 52.079003], [5.413055, 52.078994], [5.413056, 52.078979], [5.413058, 52.078965], [5.41306, 52.078951], [5.413062, 52.078937], [5.413062, 52.078932], [5.413063, 52.078928], [5.413066, 52.078915], [5.413069, 52.078902], [5.413074, 52.078887], [5.413079, 52.078871], [5.413083, 52.078859], [5.413086, 52.078847], [5.413091, 52.078837], [5.413095, 52.078826], [5.413095, 52.078825], [5.413104, 52.078805], [5.413112, 52.078787], [5.413115, 52.078779], [5.413118, 52.078772], [5.413122, 52.078763], [5.413126, 52.078755], [5.413127, 52.078753], [5.413128, 52.078752], [5.413133, 52.078734], [5.413139, 52.078716], [5.41314, 52.078702], [5.413142, 52.078688], [5.413144, 52.078673], [5.413147, 52.078658], [5.413147, 52.078647], [5.413148, 52.078636], [5.413149, 52.078628], [5.41315, 52.078619], [5.41315, 52.078614], [5.413151, 52.078609], [5.413177, 52.078605], [5.413202, 52.078601], [5.413187, 52.078567], [5.413171, 52.078533], [5.413161, 52.078512], [5.413151, 52.07849], [5.413147, 52.078482], [5.413142, 52.078473], [5.413131, 52.078452], [5.413119, 52.07843], [5.413111, 52.078416], [5.413103, 52.078401], [5.413098, 52.078394], [5.413094, 52.078386], [5.413092, 52.078382], [5.413089, 52.078378], [5.413088, 52.078376], [5.413086, 52.078374], [5.413083, 52.078371], [5.413079, 52.078367], [5.413064, 52.078352], [5.413048, 52.078337], [5.41303, 52.078319], [5.413012, 52.078301], [5.41301, 52.078299], [5.413007, 52.078297], [5.413001, 52.078291], [5.412994, 52.078285], [5.412985, 52.078277], [5.412969, 52.078264], [5.41295, 52.078247], [5.412912, 52.078211], [5.412876, 52.078177], [5.412854, 52.078155], [5.412826, 52.078128], [5.412804, 52.078099], [5.41273, 52.077999], [5.412656, 52.0779], [5.412648, 52.07789], [5.412641, 52.07788], [5.412635, 52.077869], [5.412628, 52.077857], [5.412627, 52.077855], [5.412619, 52.077842], [5.412611, 52.077829], [5.412603, 52.077817], [5.412596, 52.077805], [5.412578, 52.077775], [5.41256, 52.077745], [5.412526, 52.077691], [5.412492, 52.077637], [5.412475, 52.07764], [5.412457, 52.077643], [5.412436, 52.077597], [5.412415, 52.077551], [5.412355, 52.077425], [5.412295, 52.0773], [5.412235, 52.077309], [5.412176, 52.077317], [5.412157, 52.077281], [5.412138, 52.077245], [5.412113, 52.077197], [5.412087, 52.077148], [5.41209, 52.077148], [5.412089, 52.077144], [5.412088, 52.077141], [5.412052, 52.077066], [5.412017, 52.076991], [5.41213, 52.076975], [5.412111, 52.076939], [5.412092, 52.076903], [5.411811, 52.07696], [5.41153, 52.077017], [5.411449, 52.076998], [5.411368, 52.076978], [5.411329, 52.076963], [5.41129, 52.076949], [5.411248, 52.076927], [5.411206, 52.076906], [5.411149, 52.076893], [5.411092, 52.076881], [5.410925, 52.076897], [5.410758, 52.076914], [5.410591, 52.076931], [5.410508, 52.076939], [5.410466, 52.076943], [5.410445, 52.076945], [5.410435, 52.076946], [5.410429, 52.076947], [5.410427, 52.076947], [5.410425, 52.076947], [5.41022, 52.076976], [5.410117, 52.076991], [5.410066, 52.076998], [5.410041, 52.077002], [5.410028, 52.077003], [5.410022, 52.077004], [5.410018, 52.077005], [5.410016, 52.077005], [5.409811, 52.077034], [5.409709, 52.077049], [5.409658, 52.077056], [5.409632, 52.077059], [5.409619, 52.077061], [5.409613, 52.077062], [5.409609, 52.077063], [5.409607, 52.077063], [5.409402, 52.077092], [5.4093, 52.077107], [5.409249, 52.077115], [5.409223, 52.077118], [5.409211, 52.07712], [5.409204, 52.077121], [5.4092, 52.077122], [5.409198, 52.077122], [5.408994, 52.077151], [5.408892, 52.077166], [5.408841, 52.077173], [5.408815, 52.077177], [5.408802, 52.077179], [5.408796, 52.07718], [5.408792, 52.07718], [5.40879, 52.077181], [5.408688, 52.077196], [5.408637, 52.077204], [5.408612, 52.077208], [5.408599, 52.07721], [5.408593, 52.077211], [5.408589, 52.077211], [5.408587, 52.077212], [5.408485, 52.077227], [5.408434, 52.077235], [5.408408, 52.077239], [5.408396, 52.077241], [5.408389, 52.077242], [5.408385, 52.077243], [5.408284, 52.077263], [5.408234, 52.077274], [5.408209, 52.077279], [5.408197, 52.077281], [5.408191, 52.077282], [5.408188, 52.077283], [5.408185, 52.077284], [5.408086, 52.077304], [5.408036, 52.077314], [5.408011, 52.077319], [5.407999, 52.077322], [5.407993, 52.077323], [5.407989, 52.077324], [5.407987, 52.077325], [5.407891, 52.077351], [5.407843, 52.077364], [5.407819, 52.07737], [5.407807, 52.077373], [5.407801, 52.077375], [5.407798, 52.077376], [5.407796, 52.077376], [5.4077, 52.077403], [5.407652, 52.077416], [5.407628, 52.077422], [5.407616, 52.077425], [5.40761, 52.077427], [5.407607, 52.077428], [5.407605, 52.077429], [5.407513, 52.07746], [5.407467, 52.077476], [5.407444, 52.077484], [5.407433, 52.077488], [5.407427, 52.07749], [5.407424, 52.077491], [5.407422, 52.077492], [5.40733, 52.077523], [5.407284, 52.077539], [5.407261, 52.077547], [5.407249, 52.077551], [5.407244, 52.077553], [5.40724, 52.077554], [5.407238, 52.077555], [5.407153, 52.077593], [5.40711, 52.077612], [5.407089, 52.077621], [5.407078, 52.077626], [5.407073, 52.077628], [5.40707, 52.077629], [5.407068, 52.07763], [5.406982, 52.077668], [5.406939, 52.077687], [5.406918, 52.077696], [5.406907, 52.077701], [5.406902, 52.077703], [5.4069, 52.077705], [5.406898, 52.077706], [5.406819, 52.077748], [5.40678, 52.077769], [5.406761, 52.07778], [5.406751, 52.077785], [5.406746, 52.077788], [5.406744, 52.077789], [5.406742, 52.07779], [5.406664, 52.077833], [5.406625, 52.077854], [5.406606, 52.077864], [5.406596, 52.077869], [5.406591, 52.077872], [5.406589, 52.077873], [5.406587, 52.077874], [5.406513, 52.077922], [5.406476, 52.077946], [5.406458, 52.077957], [5.406449, 52.077963], [5.406444, 52.077966], [5.406442, 52.077968], [5.40644, 52.077969], [5.406367, 52.078016], [5.40633, 52.07804], [5.406312, 52.078052], [5.406302, 52.078058], [5.406298, 52.078061], [5.406296, 52.078062], [5.406294, 52.078063], [5.40623, 52.078116], [5.406198, 52.078143], [5.406182, 52.078156], [5.406175, 52.078162], [5.406171, 52.078166], [5.406169, 52.078167], [5.406167, 52.078169], [5.406103, 52.078222], [5.406072, 52.078248], [5.406056, 52.078261], [5.406048, 52.078268], [5.406044, 52.078271], [5.406042, 52.078273], [5.40602, 52.078295], [5.406003, 52.078311], [5.405999, 52.078315], [5.40591, 52.078405], [5.405821, 52.078495], [5.405774, 52.078555], [5.405726, 52.078614], [5.405679, 52.078674], [5.405632, 52.078734], [5.405627, 52.078741], [5.405623, 52.078749], [5.40562, 52.078755], [5.405616, 52.078761], [5.405613, 52.078767], [5.405609, 52.078773], [5.405581, 52.078824], [5.405553, 52.078875], [5.405524, 52.078926], [5.405496, 52.078977], [5.405477, 52.079019], [5.405458, 52.079061], [5.405438, 52.079103], [5.405419, 52.079145], [5.40541, 52.079166], [5.4054, 52.079187], [5.40539, 52.079208], [5.405381, 52.079229], [5.40536, 52.079292], [5.405339, 52.079356], [5.405319, 52.079419], [5.405298, 52.079482], [5.405291, 52.079518], [5.405284, 52.07955], [5.405276, 52.079552], [5.405268, 52.079553], [5.40525, 52.079603], [5.405233, 52.079653], [5.405215, 52.079703], [5.405197, 52.079753], [5.405184, 52.079789], [5.405172, 52.079824], [5.405159, 52.079859], [5.405146, 52.079894], [5.405142, 52.079906], [5.405139, 52.079918], [5.40512, 52.079976], [5.405101, 52.080035], [5.405083, 52.080094], [5.405064, 52.080152], [5.405039, 52.080226], [5.405014, 52.0803], [5.404989, 52.080374], [5.404964, 52.080448], [5.404951, 52.080479], [5.404939, 52.08051], [5.404926, 52.08054], [5.404914, 52.080571], [5.404902, 52.080598], [5.404891, 52.080626], [5.404855, 52.080714], [5.404818, 52.080803], [5.404798, 52.080805], [5.404777, 52.080806], [5.40476, 52.080837], [5.404743, 52.080868], [5.404726, 52.080899], [5.404709, 52.08093], [5.404696, 52.080952], [5.404683, 52.080974], [5.40467, 52.080997], [5.404657, 52.081019], [5.40464, 52.081043], [5.404624, 52.081067], [5.404607, 52.081091], [5.404591, 52.081115], [5.404563, 52.081152], [5.404535, 52.081189], [5.404507, 52.081227], [5.404479, 52.081264], [5.404478, 52.081266], [5.404459, 52.081301], [5.404447, 52.081331], [5.404434, 52.081359], [5.404422, 52.081388], [5.404331, 52.081503], [5.40424, 52.081619], [5.40424, 52.081622], [5.40424, 52.081625], [5.40424, 52.081627], [5.404241, 52.081629], [5.404241, 52.081631], [5.404242, 52.081633], [5.404243, 52.081635], [5.404243, 52.081637], [5.404244, 52.081639], [5.404245, 52.08164], [5.404245, 52.081642], [5.404246, 52.081644], [5.404247, 52.081645], [5.404249, 52.081648], [5.40425, 52.081652], [5.404251, 52.081653], [5.404252, 52.081655], [5.404253, 52.081656], [5.404255, 52.081659], [5.404257, 52.081662], [5.404259, 52.081665], [5.404261, 52.081668], [5.404263, 52.08167], [5.404264, 52.081672], [5.404266, 52.081674], [5.40427, 52.08168], [5.404274, 52.081687], [5.404278, 52.081693], [5.404281, 52.081699], [5.404284, 52.081703], [5.404286, 52.081707], [5.40429, 52.081715], [5.404295, 52.081722], [5.404296, 52.081725], [5.404298, 52.081727], [5.4043, 52.08173], [5.404301, 52.081732], [5.404303, 52.081734], [5.404304, 52.081736], [5.404306, 52.081737], [5.404307, 52.081739], [5.404308, 52.08174], [5.404311, 52.081743], [5.404314, 52.081745], [5.404322, 52.081752], [5.404331, 52.081759], [5.404336, 52.081761], [5.404341, 52.081764], [5.404346, 52.081767], [5.404352, 52.08177], [5.404354, 52.081771], [5.404357, 52.081773], [5.40436, 52.081774], [5.404363, 52.081775], [5.404366, 52.081776], [5.40437, 52.081777], [5.404374, 52.081779], [5.404378, 52.08178], [5.40438, 52.081781], [5.404383, 52.081782], [5.404336, 52.081844], [5.404288, 52.081905], [5.404279, 52.081903], [5.40427, 52.0819], [5.404268, 52.0819], [5.404265, 52.081899], [5.404262, 52.081898], [5.404259, 52.081898], [5.404255, 52.081897], [5.404252, 52.081896], [5.404247, 52.081896], [5.404243, 52.081895], [5.404238, 52.081895], [5.404234, 52.081894], [5.404227, 52.081894], [5.40422, 52.081893], [5.404215, 52.081893], [5.404209, 52.081894], [5.404204, 52.081894], [5.404199, 52.081893], [5.404194, 52.081894], [5.404189, 52.081895], [5.404184, 52.081895], [5.404178, 52.081896], [5.404173, 52.081897], [5.404167, 52.081898], [5.404164, 52.081899], [5.404162, 52.081899], [5.404159, 52.0819], [5.404156, 52.081901], [5.404147, 52.081904], [5.404139, 52.081907], [5.404131, 52.081908], [5.404123, 52.08191], [5.404114, 52.081913], [5.404105, 52.081915], [5.4041, 52.081916], [5.404095, 52.081917], [5.40409, 52.081918], [5.404085, 52.081918], [5.404081, 52.081919], [5.404077, 52.08192], [5.404074, 52.08192], [5.404071, 52.08192], [5.404067, 52.081921], [5.404064, 52.081921], [5.404061, 52.081922], [5.404059, 52.081922], [5.404057, 52.081922], [5.404053, 52.081922], [5.404049, 52.081923], [5.404046, 52.081923], [5.404042, 52.081923], [5.404037, 52.081924], [5.404032, 52.081924], [5.404029, 52.081924], [5.404025, 52.081924], [5.404019, 52.081925], [5.404013, 52.081925], [5.404008, 52.081925], [5.404002, 52.081925], [5.404, 52.081925], [5.403997, 52.081925], [5.403991, 52.081925], [5.403987, 52.081925], [5.403982, 52.081924], [5.403977, 52.081924], [5.403975, 52.081924], [5.403958, 52.081921], [5.40394, 52.081919], [5.403923, 52.081916], [5.403905, 52.081914], [5.403868, 52.082031], [5.403831, 52.082148], [5.404033, 52.08215], [5.404236, 52.082151], [5.404439, 52.082153], [5.404642, 52.082155], [5.404704, 52.082155], [5.404766, 52.082156], [5.404829, 52.082157], [5.404891, 52.082157], [5.40501, 52.082158], [5.405128, 52.08216], [5.405247, 52.082161], [5.405365, 52.082162], [5.405388, 52.082162], [5.405411, 52.082162], [5.405434, 52.082163], [5.405458, 52.082163], [5.405475, 52.082163], [5.405492, 52.082164], [5.405509, 52.082164], [5.405526, 52.082164], [5.405539, 52.082166], [5.405552, 52.082167], [5.405583, 52.08217], [5.405615, 52.082174], [5.405647, 52.082177], [5.405679, 52.08218], [5.405713, 52.082184], [5.405746, 52.082188], [5.40578, 52.082192], [5.405814, 52.082195], [5.405839, 52.082199], [5.405865, 52.082202], [5.40589, 52.082205], [5.405916, 52.082208], [5.405968, 52.082214], [5.40602, 52.082221], [5.406072, 52.082227], [5.406124, 52.082234], [5.406144, 52.082236], [5.406164, 52.082239], [5.406184, 52.082241], [5.406204, 52.082244], [5.406219, 52.082246], [5.406235, 52.082248], [5.406251, 52.08225], [5.406267, 52.082252], [5.40628, 52.082254], [5.406293, 52.082256], [5.406305, 52.082258], [5.406318, 52.08226], [5.406341, 52.082264], [5.406365, 52.082268], [5.406388, 52.082272], [5.406411, 52.082275], [5.406437, 52.08228], [5.406462, 52.082284], [5.406488, 52.082288], [5.406514, 52.082293], [5.406572, 52.082302], [5.406631, 52.082311], [5.406674, 52.082318], [5.406716, 52.082325], [5.406732, 52.082327], [5.406748, 52.08233], [5.406859, 52.082349], [5.40697, 52.082368], [5.406997, 52.082372], [5.407024, 52.082377], [5.40708, 52.082386], [5.407137, 52.082396], [5.407193, 52.082406], [5.40725, 52.082415], [5.407367, 52.082436], [5.407485, 52.082457], [5.407514, 52.082463], [5.407543, 52.082468], [5.407631, 52.082484], [5.40772, 52.082499], [5.40792, 52.082536], [5.408121, 52.082572], [5.408317, 52.082606], [5.408513, 52.08264], [5.408589, 52.082655], [5.408665, 52.082669], [5.408741, 52.082684], [5.408817, 52.082699], [5.408839, 52.082703], [5.408861, 52.082707], [5.408955, 52.082725], [5.40905, 52.082744], [5.409095, 52.082745], [5.40914, 52.082745], [5.409429, 52.082755], [5.409718, 52.082765], [5.409719, 52.082783], [5.40972, 52.082801], [5.409734, 52.082799]]]]}}, {"type": "Feature", "properties": {"buurtcode": "BU03510004", "buurtnaam": "Laanzicht", "wijkcode": "WK035100", "gemeentecode": "GM0351", "gemeentenaam": "Woudenberg", "indelingswijzigingWijkenEnBuurten": 1, "water": "NEE", "meestVoorkomendePostcode": "3931", "dekkingspercentage": 1, "omgevingsadressendichtheid": 1285, "stedelijkheidAdressenPerKm2": 3, "bevolkingsdichtheidInwonersPerKm2": 5122, "aantalInwoners": 3070, "mannen": 1540, "vrouwen": 1530, "percentagePersonen0Tot15Jaar": 18, "percentagePersonen15Tot25Jaar": 12, "percentagePersonen25Tot45Jaar": 23, "percentagePersonen45Tot65Jaar": 24, "percentagePersonen65JaarEnOuder": 23, "percentageOngehuwd": 43, "percentageGehuwd": 46, "percentageGescheid": 6, "percentageVerweduwd": 5, "aantalHuishoudens": 1270, "percentageEenpersoonshuishoudens": 29, "percentageHuishoudensZonderKinderen": 33, "percentageHuishoudensMetKinderen": 38, "gemiddeldeHuishoudsgrootte": 2.4, "percentageMetHerkomstlandNederland": 85, "percentageMetHerkomstlandUitEuropaExclNl": 5, "percentageMetHerkomstlandBuitenEuropa": 10, "percentageGebInNlMetHerkomstlandNederland": 85, "percGebInNlMetHerkomstlandInEuropaExNl": 0, "percGebInNlMetHerkomstlandBuitenEuropa": 5, "percGebBuitenNlMetHerkomstlndInEuropaExNl": 5, "percGebBuitenNlMetHerkomstlndBuitenEuropa": 5, "oppervlakteTotaalInHa": 60, "oppervlakteLandInHa": 60, "oppervlakteWaterInHa": 0, "jrstatcode": "2025BU03510004", "jaar": 2025}, "bbox": [5.412016666458254, 52.07487406625164, 5.427685239113919, 52.08232788695812], "geometry": {"type": "MultiPolygon", "coordinates": [[[[5.414719, 52.082316], [5.414854, 52.082303], [5.41487, 52.082312], [5.414887, 52.082321], [5.414912, 52.082318], [5.414938, 52.082316], [5.414963, 52.082313], [5.414989, 52.082311], [5.41501, 52.082309], [5.415032, 52.082307], [5.415029, 52.082297], [5.415027, 52.082288], [5.41506, 52.082284], [5.415094, 52.082281], [5.415145, 52.082277], [5.415196, 52.082272], [5.415226, 52.082269], [5.415257, 52.082267], [5.415311, 52.082262], [5.415365, 52.082257], [5.41542, 52.082252], [5.415474, 52.082247], [5.415512, 52.082244], [5.415549, 52.08224], [5.415585, 52.082237], [5.41562, 52.082234], [5.415681, 52.082228], [5.415743, 52.082222], [5.415794, 52.082217], [5.415845, 52.082212], [5.415896, 52.082207], [5.415947, 52.082202], [5.41601, 52.082197], [5.416073, 52.082192], [5.416137, 52.082187], [5.4162, 52.082183], [5.416269, 52.082177], [5.416348, 52.082171], [5.41637, 52.082169], [5.416394, 52.082167], [5.416407, 52.082165], [5.416436, 52.082162], [5.416465, 52.082159], [5.416496, 52.082157], [5.416526, 52.082154], [5.416557, 52.082151], [5.416598, 52.082147], [5.416615, 52.082145], [5.416633, 52.082143], [5.416651, 52.082141], [5.416678, 52.082138], [5.416698, 52.082136], [5.416722, 52.082134], [5.416736, 52.082133], [5.416758, 52.082131], [5.416781, 52.082129], [5.4168, 52.082127], [5.416818, 52.082126], [5.416841, 52.082125], [5.416852, 52.082124], [5.416878, 52.08212], [5.416905, 52.082115], [5.416931, 52.082111], [5.416971, 52.082105], [5.416997, 52.082101], [5.41701, 52.082099], [5.417026, 52.082096], [5.417041, 52.082094], [5.417056, 52.082091], [5.417071, 52.082089], [5.4171, 52.082084], [5.41713, 52.082079], [5.417159, 52.082075], [5.417188, 52.08207], [5.417215, 52.082066], [5.417243, 52.082061], [5.41727, 52.082057], [5.417297, 52.082052], [5.417329, 52.082047], [5.41736, 52.082043], [5.417391, 52.082038], [5.417422, 52.082033], [5.417456, 52.082028], [5.41749, 52.082023], [5.417523, 52.082017], [5.417557, 52.082012], [5.41758, 52.082009], [5.4176, 52.081998], [5.417658, 52.081989], [5.417717, 52.08198], [5.417775, 52.081971], [5.417834, 52.081962], [5.417829, 52.08195], [5.417832, 52.081937], [5.417847, 52.081934], [5.417855, 52.081933], [5.417861, 52.081948], [5.417868, 52.081964], [5.417874, 52.08198], [5.417881, 52.081995], [5.417898, 52.081992], [5.417916, 52.08199], [5.417934, 52.081987], [5.417951, 52.081984], [5.417971, 52.081981], [5.41799, 52.081978], [5.41801, 52.081975], [5.41803, 52.081972], [5.418051, 52.081968], [5.418073, 52.081965], [5.418095, 52.081962], [5.418129, 52.081957], [5.418154, 52.081953], [5.418166, 52.081951], [5.418159, 52.081933], [5.418152, 52.081915], [5.418145, 52.081898], [5.418138, 52.08188], [5.418192, 52.08187], [5.418246, 52.081859], [5.418299, 52.081849], [5.418362, 52.081838], [5.418381, 52.081834], [5.4184, 52.081831], [5.418419, 52.081828], [5.418441, 52.081824], [5.418459, 52.081821], [5.418478, 52.081818], [5.418497, 52.081815], [5.418525, 52.081811], [5.418545, 52.081808], [5.418568, 52.081804], [5.418582, 52.081802], [5.418618, 52.081797], [5.418655, 52.081792], [5.418691, 52.081786], [5.418728, 52.081781], [5.418771, 52.081775], [5.418815, 52.081769], [5.418858, 52.081762], [5.418902, 52.081756], [5.418936, 52.081751], [5.418969, 52.081746], [5.419003, 52.081742], [5.41905, 52.081735], [5.419076, 52.081731], [5.41909, 52.081729], [5.419136, 52.081723], [5.419182, 52.081716], [5.419228, 52.08171], [5.419274, 52.081703], [5.419281, 52.081721], [5.419288, 52.081739], [5.419295, 52.081757], [5.419304, 52.081775], [5.419347, 52.081768], [5.419391, 52.081761], [5.419435, 52.081755], [5.419479, 52.081748], [5.419518, 52.081742], [5.419558, 52.081736], [5.419597, 52.08173], [5.419637, 52.081724], [5.41963, 52.081707], [5.419624, 52.08169], [5.419618, 52.081672], [5.419611, 52.081655], [5.419663, 52.081648], [5.419714, 52.08164], [5.419766, 52.081633], [5.419817, 52.081626], [5.419824, 52.081642], [5.419831, 52.081659], [5.419837, 52.081675], [5.419844, 52.081692], [5.419888, 52.081685], [5.419931, 52.081678], [5.419975, 52.081672], [5.420019, 52.081665], [5.420063, 52.081658], [5.420106, 52.081651], [5.420149, 52.081645], [5.420195, 52.081637], [5.420214, 52.081633], [5.420233, 52.081629], [5.420257, 52.081624], [5.42028, 52.081619], [5.420297, 52.081616], [5.420314, 52.081612], [5.420336, 52.081607], [5.420358, 52.081603], [5.420441, 52.081585], [5.420527, 52.081574], [5.420531, 52.08158], [5.420551, 52.081575], [5.42057, 52.081571], [5.420589, 52.081567], [5.420608, 52.081563], [5.420624, 52.081559], [5.42064, 52.081555], [5.420656, 52.081552], [5.420672, 52.081548], [5.420697, 52.081543], [5.420722, 52.081537], [5.420742, 52.081532], [5.420763, 52.081528], [5.420783, 52.081523], [5.420803, 52.081519], [5.420822, 52.081515], [5.420841, 52.08151], [5.420951, 52.081494], [5.421061, 52.081477], [5.421138, 52.081466], [5.421216, 52.081454], [5.421293, 52.081443], [5.42137, 52.081431], [5.421493, 52.081412], [5.421616, 52.081394], [5.421731, 52.081376], [5.421845, 52.081359], [5.42193, 52.081346], [5.422015, 52.081334], [5.422107, 52.081321], [5.422199, 52.081307], [5.422219, 52.081304], [5.422239, 52.081301], [5.42234, 52.081287], [5.422441, 52.081272], [5.422497, 52.081264], [5.422554, 52.081256], [5.422608, 52.081248], [5.422662, 52.08124], [5.422704, 52.081234], [5.422746, 52.081228], [5.422784, 52.081222], [5.422837, 52.081214], [5.422865, 52.08121], [5.422879, 52.081208], [5.422896, 52.081206], [5.422914, 52.081203], [5.422931, 52.0812], [5.422949, 52.081198], [5.422997, 52.081191], [5.423045, 52.081184], [5.423079, 52.081179], [5.423112, 52.081174], [5.423144, 52.081169], [5.423175, 52.081165], [5.423192, 52.081162], [5.423209, 52.08116], [5.423226, 52.081157], [5.423243, 52.081155], [5.423275, 52.08115], [5.423306, 52.081146], [5.423352, 52.081139], [5.423398, 52.081132], [5.423443, 52.081126], [5.4235, 52.081117], [5.42351, 52.081116], [5.423546, 52.081111], [5.423581, 52.081105], [5.423628, 52.081099], [5.423682, 52.081091], [5.423697, 52.081089], [5.423705, 52.081087], [5.423812, 52.081072], [5.423925, 52.081055], [5.423958, 52.081051], [5.42399, 52.081046], [5.424023, 52.081041], [5.424056, 52.081036], [5.424122, 52.081027], [5.424189, 52.081017], [5.424222, 52.081012], [5.424254, 52.081007], [5.424287, 52.081003], [5.42432, 52.080998], [5.424389, 52.080988], [5.424457, 52.080978], [5.424563, 52.080963], [5.424669, 52.080947], [5.424699, 52.080943], [5.42473, 52.080938], [5.424784, 52.08093], [5.424851, 52.080921], [5.424868, 52.080918], [5.424885, 52.080916], [5.424893, 52.080914], [5.42492, 52.080911], [5.424947, 52.080907], [5.424974, 52.080903], [5.425015, 52.080897], [5.425098, 52.080885], [5.425193, 52.080871], [5.425207, 52.080869], [5.425222, 52.080867], [5.425237, 52.080865], [5.425251, 52.080863], [5.425348, 52.080848], [5.425452, 52.080832], [5.425467, 52.08083], [5.425475, 52.080829], [5.425628, 52.080807], [5.42578, 52.080785], [5.425893, 52.080769], [5.426005, 52.080753], [5.426189, 52.080726], [5.426372, 52.0807], [5.426463, 52.080687], [5.426554, 52.080674], [5.426613, 52.080665], [5.426672, 52.080657], [5.426734, 52.080648], [5.426809, 52.080637], [5.42701, 52.080608], [5.427211, 52.08058], [5.42727, 52.080571], [5.42733, 52.080563], [5.427685, 52.080511], [5.42766, 52.080442], [5.427635, 52.080373], [5.427614, 52.080371], [5.427594, 52.08037], [5.427574, 52.080367], [5.427549, 52.080358], [5.427527, 52.080348], [5.427513, 52.080337], [5.427498, 52.080309], [5.427491, 52.080289], [5.427472, 52.080237], [5.427452, 52.080184], [5.427427, 52.080116], [5.427402, 52.080048], [5.427369, 52.079959], [5.427336, 52.07987], [5.427321, 52.079829], [5.427305, 52.079788], [5.427296, 52.079766], [5.427288, 52.079743], [5.427282, 52.079732], [5.427277, 52.079722], [5.427262, 52.079691], [5.427211, 52.07959], [5.427159, 52.079488], [5.427125, 52.07942], [5.427092, 52.079353], [5.427076, 52.079321], [5.42706, 52.07929], [5.427032, 52.079236], [5.427005, 52.079182], [5.426985, 52.079141], [5.426966, 52.079101], [5.42694, 52.079051], [5.426915, 52.079002], [5.426886, 52.078943], [5.426856, 52.078885], [5.426827, 52.078826], [5.426798, 52.078768], [5.426773, 52.078718], [5.426748, 52.078669], [5.426743, 52.078659], [5.426738, 52.078649], [5.426715, 52.078604], [5.426692, 52.078559], [5.426648, 52.078473], [5.426604, 52.078386], [5.426583, 52.078342], [5.426562, 52.078299], [5.426515, 52.078306], [5.426469, 52.078313], [5.426449, 52.07826], [5.426429, 52.078206], [5.426418, 52.078179], [5.426408, 52.078153], [5.426359, 52.078024], [5.426309, 52.077895], [5.426254, 52.077752], [5.426199, 52.077609], [5.426186, 52.077571], [5.426173, 52.077534], [5.426125, 52.07741], [5.426077, 52.077286], [5.426018, 52.077132], [5.425959, 52.076977], [5.425906, 52.076838], [5.425853, 52.076698], [5.425828, 52.076632], [5.425802, 52.076567], [5.425768, 52.076479], [5.425735, 52.076392], [5.425702, 52.076308], [5.42567, 52.076224], [5.425631, 52.076121], [5.425591, 52.076018], [5.425648, 52.076008], [5.425705, 52.075997], [5.425633, 52.075818], [5.425562, 52.075638], [5.425539, 52.075581], [5.425515, 52.075524], [5.425496, 52.075491], [5.425482, 52.07546], [5.425467, 52.075426], [5.425452, 52.075392], [5.425403, 52.075252], [5.425348, 52.075112], [5.425325, 52.075061], [5.425301, 52.075009], [5.425285, 52.074979], [5.425269, 52.074949], [5.425256, 52.074925], [5.425243, 52.074901], [5.425225, 52.074891], [5.425198, 52.074874], [5.424875, 52.07492], [5.424551, 52.074965], [5.424497, 52.074973], [5.424443, 52.07498], [5.424423, 52.074983], [5.424404, 52.074986], [5.424398, 52.074987], [5.424391, 52.074988], [5.424353, 52.074992], [5.424314, 52.074997], [5.423996, 52.075037], [5.423678, 52.075077], [5.423355, 52.075115], [5.423033, 52.075153], [5.422637, 52.07521], [5.422241, 52.075266], [5.421844, 52.075323], [5.421447, 52.07538], [5.421119, 52.07543], [5.420791, 52.07548], [5.420464, 52.075526], [5.420137, 52.075573], [5.419811, 52.07562], [5.419485, 52.075666], [5.419072, 52.075721], [5.418658, 52.075775], [5.418305, 52.075823], [5.417952, 52.075871], [5.417928, 52.075873], [5.417903, 52.075875], [5.41755, 52.075924], [5.417198, 52.075973], [5.416924, 52.076012], [5.41665, 52.076051], [5.416513, 52.07607], [5.416376, 52.076088], [5.416313, 52.076097], [5.41625, 52.076105], [5.415611, 52.076198], [5.414971, 52.07629], [5.41474, 52.076327], [5.414508, 52.076361], [5.414098, 52.076421], [5.413688, 52.076481], [5.413299, 52.076537], [5.412909, 52.076593], [5.412728, 52.076625], [5.412548, 52.076657], [5.412415, 52.076676], [5.412283, 52.076696], [5.412268, 52.076733], [5.412252, 52.076769], [5.412228, 52.076795], [5.412204, 52.076821], [5.412148, 52.076862], [5.412092, 52.076903], [5.412111, 52.076939], [5.41213, 52.076975], [5.412017, 52.076991], [5.412052, 52.077066], [5.412088, 52.077141], [5.412089, 52.077144], [5.41209, 52.077148], [5.412087, 52.077148], [5.412113, 52.077197], [5.412138, 52.077245], [5.412157, 52.077281], [5.412176, 52.077317], [5.412235, 52.077309], [5.412295, 52.0773], [5.412355, 52.077425], [5.412415, 52.077551], [5.412436, 52.077597], [5.412457, 52.077643], [5.412475, 52.07764], [5.412492, 52.077637], [5.412526, 52.077691], [5.41256, 52.077745], [5.412578, 52.077775], [5.412596, 52.077805], [5.412603, 52.077817], [5.412611, 52.077829], [5.412619, 52.077842], [5.412627, 52.077855], [5.412628, 52.077857], [5.412635, 52.077869], [5.412641, 52.07788], [5.412648, 52.07789], [5.412656, 52.0779], [5.41273, 52.077999], [5.412804, 52.078099], [5.412826, 52.078128], [5.412854, 52.078155], [5.412876, 52.078177], [5.412912, 52.078211], [5.41295, 52.078247], [5.412969, 52.078264], [5.412985, 52.078277], [5.412994, 52.078285], [5.413001, 52.078291], [5.413007, 52.078297], [5.41301, 52.078299], [5.413012, 52.078301], [5.41303, 52.078319], [5.413048, 52.078337], [5.413064, 52.078352], [5.413079, 52.078367], [5.413083, 52.078371], [5.413086, 52.078374], [5.413088, 52.078376], [5.413089, 52.078378], [5.413092, 52.078382], [5.413094, 52.078386], [5.413098, 52.078394], [5.413103, 52.078401], [5.413111, 52.078416], [5.413119, 52.07843], [5.413131, 52.078452], [5.413142, 52.078473], [5.413147, 52.078482], [5.413151, 52.07849], [5.413161, 52.078512], [5.413171, 52.078533], [5.413187, 52.078567], [5.413202, 52.078601], [5.413177, 52.078605], [5.413151, 52.078609], [5.41315, 52.078614], [5.41315, 52.078619], [5.413149, 52.078628], [5.413148, 52.078636], [5.413147, 52.078647], [5.413147, 52.078658], [5.413144, 52.078673], [5.413142, 52.078688], [5.41314, 52.078702], [5.413139, 52.078716], [5.413133, 52.078734], [5.413128, 52.078752], [5.413127, 52.078753], [5.413126, 52.078755], [5.413122, 52.078763], [5.413118, 52.078772], [5.413115, 52.078779], [5.413112, 52.078787], [5.413104, 52.078805], [5.413095, 52.078825], [5.413095, 52.078826], [5.413091, 52.078837], [5.413086, 52.078847], [5.413083, 52.078859], [5.413079, 52.078871], [5.413074, 52.078887], [5.413069, 52.078902], [5.413066, 52.078915], [5.413063, 52.078928], [5.413062, 52.078932], [5.413062, 52.078937], [5.41306, 52.078951], [5.413058, 52.078965], [5.413056, 52.078979], [5.413055, 52.078994], [5.413055, 52.079003], [5.413054, 52.079011], [5.413054, 52.079017], [5.413054, 52.079023], [5.413054, 52.07903], [5.413053, 52.079037], [5.413055, 52.079072], [5.413056, 52.079106], [5.413057, 52.079108], [5.413057, 52.07911], [5.413065, 52.079142], [5.413073, 52.079174], [5.413077, 52.079187], [5.41308, 52.079199], [5.413081, 52.079201], [5.413109, 52.079284], [5.413137, 52.079368], [5.413146, 52.079394], [5.413156, 52.07942], [5.413165, 52.079444], [5.413172, 52.079464], [5.413215, 52.079571], [5.413258, 52.079677], [5.413283, 52.079737], [5.413309, 52.079797], [5.41331, 52.079799], [5.413311, 52.079801], [5.413315, 52.079808], [5.413318, 52.079816], [5.413367, 52.079915], [5.413415, 52.080014], [5.413425, 52.080031], [5.413434, 52.080049], [5.413451, 52.080079], [5.413468, 52.08011], [5.41347, 52.080113], [5.413483, 52.080111], [5.413494, 52.080132], [5.413505, 52.080152], [5.413507, 52.080157], [5.41351, 52.080162], [5.413541, 52.080223], [5.413573, 52.080284], [5.413574, 52.080286], [5.413575, 52.080288], [5.413592, 52.080309], [5.413609, 52.08033], [5.413633, 52.080358], [5.413657, 52.080386], [5.413673, 52.080402], [5.413688, 52.080418], [5.413699, 52.080431], [5.413711, 52.080445], [5.413722, 52.080459], [5.413734, 52.080473], [5.413737, 52.080477], [5.413741, 52.080482], [5.41376, 52.080525], [5.41378, 52.080569], [5.413783, 52.080575], [5.413785, 52.080581], [5.413787, 52.080588], [5.413789, 52.080595], [5.413797, 52.080616], [5.413805, 52.080637], [5.413814, 52.080663], [5.413823, 52.080689], [5.413834, 52.080723], [5.413836, 52.080729], [5.413844, 52.080756], [5.413852, 52.080782], [5.41386, 52.080807], [5.413864, 52.080818], [5.413867, 52.080829], [5.413872, 52.08084], [5.413876, 52.08085], [5.413881, 52.080862], [5.413885, 52.080875], [5.413891, 52.080887], [5.413896, 52.080898], [5.413902, 52.080911], [5.413909, 52.080924], [5.413917, 52.080939], [5.413924, 52.080955], [5.413937, 52.080979], [5.41395, 52.081003], [5.413957, 52.081015], [5.41396, 52.081021], [5.413971, 52.081042], [5.414008, 52.081107], [5.414046, 52.081175], [5.414084, 52.081243], [5.414131, 52.081322], [5.414177, 52.081401], [5.414186, 52.081407], [5.414194, 52.081413], [5.414207, 52.081417], [5.41422, 52.081421], [5.414236, 52.081425], [5.414252, 52.081429], [5.414271, 52.081435], [5.41429, 52.08144], [5.414301, 52.081444], [5.414311, 52.081449], [5.414332, 52.081458], [5.414352, 52.081467], [5.414357, 52.08147], [5.414362, 52.081473], [5.414367, 52.081476], [5.414372, 52.081479], [5.414388, 52.08149], [5.414404, 52.081501], [5.41441, 52.081506], [5.414416, 52.081511], [5.414425, 52.08152], [5.414434, 52.08153], [5.414458, 52.081567], [5.414462, 52.081577], [5.414467, 52.081586], [5.414476, 52.081622], [5.414476, 52.081626], [5.414476, 52.08163], [5.414475, 52.081638], [5.414475, 52.081646], [5.414474, 52.081651], [5.414473, 52.081655], [5.41447, 52.081667], [5.414467, 52.081679], [5.414466, 52.081681], [5.414465, 52.081684], [5.414463, 52.081689], [5.41446, 52.081695], [5.414458, 52.0817], [5.414455, 52.081705], [5.414452, 52.08171], [5.414448, 52.081716], [5.414445, 52.081719], [5.414443, 52.081723], [5.414442, 52.081724], [5.414436, 52.081731], [5.414431, 52.081738], [5.414428, 52.081741], [5.414424, 52.081744], [5.414418, 52.08175], [5.414413, 52.081755], [5.414406, 52.081761], [5.414399, 52.081766], [5.414397, 52.08177], [5.414394, 52.081774], [5.414353, 52.081839], [5.414404, 52.081946], [5.414445, 52.082032], [5.414486, 52.082118], [5.414495, 52.082136], [5.41451, 52.082168], [5.414525, 52.0822], [5.414542, 52.082236], [5.414558, 52.082272], [5.414571, 52.0823], [5.414584, 52.082328], [5.414719, 52.082316]]]]}}, {"type": "Feature", "properties": {"buurtcode": "BU03510005", "buurtnaam": "Het Zeeland", "wijkcode": "WK035100", "gemeentecode": "GM0351", "gemeentenaam": "Woudenberg", "indelingswijzigingWijkenEnBuurten": 1, "water": "NEE", "meestVoorkomendePostcode": "3931", "dekkingspercentage": 1, "omgevingsadressendichtheid": 972, "stedelijkheidAdressenPerKm2": 4, "bevolkingsdichtheidInwonersPerKm2": 4945, "aantalInwoners": 1435, "mannen": 720, "vrouwen": 715, "percentagePersonen0Tot15Jaar": 17, "percentagePersonen15Tot25Jaar": 17, "percentagePersonen25Tot45Jaar": 22, "percentagePersonen45Tot65Jaar": 33, "percentagePersonen65JaarEnOuder": 11, "percentageOngehuwd": 46, "percentageGehuwd": 46, "percentageGescheid": 6, "percentageVerweduwd": 2, "aantalHuishoudens": 545, "percentageEenpersoonshuishoudens": 26, "percentageHuishoudensZonderKinderen": 25, "percentageHuishoudensMetKinderen": 49, "gemiddeldeHuishoudsgrootte": 2.6, "percentageMetHerkomstlandNederland": 85, "percentageMetHerkomstlandUitEuropaExclNl": 5, "percentageMetHerkomstlandBuitenEuropa": 10, "percentageGebInNlMetHerkomstlandNederland": 85, "percGebInNlMetHerkomstlandInEuropaExNl": 0, "percGebInNlMetHerkomstlandBuitenEuropa": 5, "percGebBuitenNlMetHerkomstlndInEuropaExNl": 0, "percGebBuitenNlMetHerkomstlndBuitenEuropa": 5, "oppervlakteTotaalInHa": 30, "oppervlakteLandInHa": 29, "oppervlakteWaterInHa": 1, "jrstatcode": "2025BU03510005", "jaar": 2025}, "bbox": [5.42526896077467, 52.07459927688812, 5.437913048914741, 52.08051133514233], "geometry": {"type": "MultiPolygon", "coordinates": [[[[5.427716, 52.080507], [5.427748, 52.080502], [5.427928, 52.080477], [5.428108, 52.080451], [5.428123, 52.080448], [5.428139, 52.080445], [5.428165, 52.080441], [5.428185, 52.080438], [5.42825, 52.080429], [5.428316, 52.08042], [5.428389, 52.080409], [5.428463, 52.080399], [5.428554, 52.080386], [5.428646, 52.080373], [5.428694, 52.080367], [5.428743, 52.08036], [5.42878, 52.080355], [5.428817, 52.080349], [5.428879, 52.080341], [5.428942, 52.080332], [5.429038, 52.080318], [5.429135, 52.080304], [5.429161, 52.0803], [5.429205, 52.080293], [5.42925, 52.080287], [5.42927, 52.080284], [5.42929, 52.080281], [5.429327, 52.080276], [5.429363, 52.08027], [5.429441, 52.080251], [5.429522, 52.08024], [5.429616, 52.080234], [5.429706, 52.080221], [5.429831, 52.080202], [5.429956, 52.080184], [5.43005, 52.08017], [5.430142, 52.080157], [5.43016, 52.080154], [5.430179, 52.080151], [5.430248, 52.080141], [5.430318, 52.080131], [5.43039, 52.08012], [5.430461, 52.08011], [5.430529, 52.0801], [5.430596, 52.08009], [5.430672, 52.080079], [5.430749, 52.080068], [5.430768, 52.080065], [5.430868, 52.08005], [5.430967, 52.080036], [5.43102, 52.080028], [5.431062, 52.080022], [5.431142, 52.08001], [5.431223, 52.079999], [5.431252, 52.079994], [5.431281, 52.07999], [5.431335, 52.079982], [5.43139, 52.079975], [5.43146, 52.079965], [5.431529, 52.079955], [5.431609, 52.079944], [5.43169, 52.079932], [5.431856, 52.079909], [5.432021, 52.079885], [5.432049, 52.079881], [5.432077, 52.079877], [5.432099, 52.079874], [5.432274, 52.079849], [5.432449, 52.079824], [5.432522, 52.079814], [5.432596, 52.079803], [5.432757, 52.079779], [5.432919, 52.079755], [5.432964, 52.079749], [5.433009, 52.079742], [5.433204, 52.079714], [5.4334, 52.079687], [5.433436, 52.079682], [5.433471, 52.079677], [5.433555, 52.079664], [5.43364, 52.079652], [5.433708, 52.079643], [5.433776, 52.079633], [5.433793, 52.07963], [5.433872, 52.079619], [5.43395, 52.079608], [5.433968, 52.079605], [5.433986, 52.079603], [5.434073, 52.07959], [5.434149, 52.079579], [5.43422, 52.079569], [5.43429, 52.079559], [5.434367, 52.079548], [5.434444, 52.079537], [5.434528, 52.079525], [5.434599, 52.079514], [5.434678, 52.079503], [5.434757, 52.079492], [5.434831, 52.079481], [5.434905, 52.07947], [5.434937, 52.079465], [5.434969, 52.079461], [5.435013, 52.079454], [5.435058, 52.079448], [5.435133, 52.079437], [5.435208, 52.079426], [5.435286, 52.079415], [5.435364, 52.079404], [5.435434, 52.079393], [5.435505, 52.079383], [5.435597, 52.07937], [5.435689, 52.079357], [5.435745, 52.079349], [5.435798, 52.079341], [5.435983, 52.079314], [5.436169, 52.079287], [5.436228, 52.079278], [5.436288, 52.07927], [5.436379, 52.079256], [5.436456, 52.079245], [5.436596, 52.079225], [5.436735, 52.079204], [5.43677, 52.079199], [5.436805, 52.079194], [5.436841, 52.079189], [5.436877, 52.079184], [5.436948, 52.079174], [5.437019, 52.079164], [5.4371, 52.079153], [5.437181, 52.079142], [5.43721, 52.079137], [5.437238, 52.079133], [5.437344, 52.079117], [5.43745, 52.079102], [5.437483, 52.079098], [5.437511, 52.079096], [5.437605, 52.079086], [5.437699, 52.079077], [5.437731, 52.079074], [5.437762, 52.079071], [5.43778, 52.079071], [5.437799, 52.07907], [5.437856, 52.079069], [5.437906, 52.079068], [5.437913, 52.079068], [5.437905, 52.079059], [5.437897, 52.07905], [5.437889, 52.079041], [5.437881, 52.079033], [5.437873, 52.079024], [5.437865, 52.079015], [5.437857, 52.079007], [5.437849, 52.078998], [5.437811, 52.078991], [5.437774, 52.078984], [5.437736, 52.078977], [5.437699, 52.07897], [5.437662, 52.078963], [5.437624, 52.078956], [5.437587, 52.078949], [5.437568, 52.078946], [5.437549, 52.078942], [5.437536, 52.078944], [5.437522, 52.078946], [5.437246, 52.078986], [5.43697, 52.079025], [5.436917, 52.078895], [5.436864, 52.078764], [5.436856, 52.078744], [5.436849, 52.078729], [5.436844, 52.078715], [5.436838, 52.078701], [5.436821, 52.078704], [5.436803, 52.078707], [5.436699, 52.078654], [5.436594, 52.078601], [5.436476, 52.078539], [5.436359, 52.078476], [5.436304, 52.078446], [5.436248, 52.078416], [5.436221, 52.07842], [5.4362, 52.078423], [5.436193, 52.078424], [5.436184, 52.07842], [5.436174, 52.078415], [5.436018, 52.078341], [5.435862, 52.078267], [5.435737, 52.078208], [5.435611, 52.078149], [5.435596, 52.078141], [5.43558, 52.078133], [5.435519, 52.078102], [5.435457, 52.078071], [5.435377, 52.078028], [5.435298, 52.077985], [5.435262, 52.077962], [5.435225, 52.077939], [5.435192, 52.077911], [5.435159, 52.077882], [5.43512, 52.077857], [5.435081, 52.077832], [5.435066, 52.077822], [5.435051, 52.077812], [5.43497, 52.077771], [5.434889, 52.077729], [5.434766, 52.077668], [5.434643, 52.077607], [5.434161, 52.077352], [5.433679, 52.077096], [5.433528, 52.077016], [5.433377, 52.076935], [5.433184, 52.076832], [5.432991, 52.076729], [5.432907, 52.076685], [5.432823, 52.076641], [5.432786, 52.076621], [5.432749, 52.076602], [5.432704, 52.076578], [5.432659, 52.076554], [5.432433, 52.076436], [5.432207, 52.076317], [5.431973, 52.076192], [5.43174, 52.076066], [5.431564, 52.075972], [5.431388, 52.075879], [5.431207, 52.075783], [5.431026, 52.075688], [5.430963, 52.075655], [5.430641, 52.075487], [5.430318, 52.075319], [5.43009, 52.075204], [5.429918, 52.075125], [5.429745, 52.075045], [5.429626, 52.075], [5.429506, 52.074955], [5.429362, 52.074909], [5.429217, 52.074864], [5.429067, 52.074824], [5.428918, 52.074783], [5.428751, 52.074749], [5.428584, 52.074714], [5.428461, 52.074695], [5.428339, 52.074676], [5.428143, 52.074651], [5.428104, 52.074648], [5.428065, 52.074646], [5.428, 52.074637], [5.427934, 52.074628], [5.427888, 52.074624], [5.427842, 52.074619], [5.427785, 52.074614], [5.427727, 52.074608], [5.427623, 52.074604], [5.427519, 52.074599], [5.42743, 52.0746], [5.42734, 52.074601], [5.427222, 52.074618], [5.427108, 52.074634], [5.427113, 52.074647], [5.427117, 52.074659], [5.427076, 52.074663], [5.427034, 52.074666], [5.426821, 52.074685], [5.426607, 52.074705], [5.4264, 52.074732], [5.426192, 52.074759], [5.425934, 52.074808], [5.425676, 52.074856], [5.425669, 52.074875], [5.425661, 52.074894], [5.425465, 52.074922], [5.425269, 52.074949], [5.425285, 52.074979], [5.425301, 52.075009], [5.425325, 52.075061], [5.425348, 52.075112], [5.425403, 52.075252], [5.425452, 52.075392], [5.425467, 52.075426], [5.425482, 52.07546], [5.425496, 52.075491], [5.425515, 52.075524], [5.425539, 52.075581], [5.425562, 52.075638], [5.425633, 52.075818], [5.425705, 52.075997], [5.425648, 52.076008], [5.425591, 52.076018], [5.425631, 52.076121], [5.42567, 52.076224], [5.425702, 52.076308], [5.425735, 52.076392], [5.425768, 52.076479], [5.425802, 52.076567], [5.425828, 52.076632], [5.425853, 52.076698], [5.425906, 52.076838], [5.425959, 52.076977], [5.426018, 52.077132], [5.426077, 52.077286], [5.426125, 52.07741], [5.426173, 52.077534], [5.426186, 52.077571], [5.426199, 52.077609], [5.426254, 52.077752], [5.426309, 52.077895], [5.426359, 52.078024], [5.426408, 52.078153], [5.426418, 52.078179], [5.426429, 52.078206], [5.426449, 52.07826], [5.426469, 52.078313], [5.426515, 52.078306], [5.426562, 52.078299], [5.426583, 52.078342], [5.426604, 52.078386], [5.426648, 52.078473], [5.426692, 52.078559], [5.426715, 52.078604], [5.426738, 52.078649], [5.426743, 52.078659], [5.426748, 52.078669], [5.426773, 52.078718], [5.426798, 52.078768], [5.426827, 52.078826], [5.426856, 52.078885], [5.426886, 52.078943], [5.426915, 52.079002], [5.42694, 52.079051], [5.426966, 52.079101], [5.426985, 52.079141], [5.427005, 52.079182], [5.427032, 52.079236], [5.42706, 52.07929], [5.427076, 52.079321], [5.427092, 52.079353], [5.427125, 52.07942], [5.427159, 52.079488], [5.427211, 52.07959], [5.427262, 52.079691], [5.427277, 52.079722], [5.427282, 52.079732], [5.427288, 52.079743], [5.427296, 52.079766], [5.427305, 52.079788], [5.427321, 52.079829], [5.427336, 52.07987], [5.427369, 52.079959], [5.427402, 52.080048], [5.427427, 52.080116], [5.427452, 52.080184], [5.427472, 52.080237], [5.427491, 52.080289], [5.427498, 52.080309], [5.427513, 52.080337], [5.427527, 52.080348], [5.427549, 52.080358], [5.427574, 52.080367], [5.427594, 52.08037], [5.427614, 52.080371], [5.427635, 52.080373], [5.42766, 52.080442], [5.427685, 52.080511], [5.427716, 52.080507]]]]}}, {"type": "Feature", "properties": {"buurtcode": "BU03510006", "buurtnaam": "Het Groene Woud", "wijkcode": "WK035100", "gemeentecode": "GM0351", "gemeentenaam": "Woudenberg", "indelingswijzigingWijkenEnBuurten": 1, "water": "NEE", "meestVoorkomendePostcode": "3931", "dekkingspercentage": 1, "omgevingsadressendichtheid": 1078, "stedelijkheidAdressenPerKm2": 3, "bevolkingsdichtheidInwonersPerKm2": 6336, "aantalInwoners": 1855, "mannen": 920, "vrouwen": 935, "percentagePersonen0Tot15Jaar": 30, "percentagePersonen15Tot25Jaar": 11, "percentagePersonen25Tot45Jaar": 31, "percentagePersonen45Tot65Jaar": 21, "percentagePersonen65JaarEnOuder": 6, "percentageOngehuwd": 52, "percentageGehuwd": 43, "percentageGescheid": 3, "percentageVerweduwd": 1, "aantalHuishoudens": 625, "percentageEenpersoonshuishoudens": 19, "percentageHuishoudensZonderKinderen": 25, "percentageHuishoudensMetKinderen": 57, "gemiddeldeHuishoudsgrootte": 3.0, "percentageMetHerkomstlandNederland": 85, "percentageMetHerkomstlandUitEuropaExclNl": 5, "percentageMetHerkomstlandBuitenEuropa": 10, "percentageGebInNlMetHerkomstlandNederland": 85, "percGebInNlMetHerkomstlandInEuropaExNl": 0, "percGebInNlMetHerkomstlandBuitenEuropa": 5, "percGebBuitenNlMetHerkomstlndInEuropaExNl": 0, "percGebBuitenNlMetHerkomstlndBuitenEuropa": 5, "oppervlakteTotaalInHa": 29, "oppervlakteLandInHa": 29, "oppervlakteWaterInHa": 0, "jrstatcode": "2025BU03510006", "jaar": 2025}, "bbox": [5.425242498859998, 52.07906761897904, 5.43843789082975, 52.08479946684085], "geometry": {"type": "MultiPolygon", "coordinates": [[[[5.425572, 52.084774], [5.425738, 52.084748], [5.425904, 52.084723], [5.426071, 52.084697], [5.426463, 52.08464], [5.426855, 52.084582], [5.427254, 52.084523], [5.427652, 52.084464], [5.427807, 52.084441], [5.427962, 52.084419], [5.428117, 52.084396], [5.428272, 52.084373], [5.428261, 52.084343], [5.42825, 52.084314], [5.428239, 52.084284], [5.428227, 52.084255], [5.428197, 52.084185], [5.428168, 52.084115], [5.428138, 52.084045], [5.428108, 52.083975], [5.428178, 52.083965], [5.428249, 52.083955], [5.42832, 52.083945], [5.428391, 52.083935], [5.428606, 52.083901], [5.428821, 52.083866], [5.429037, 52.083832], [5.429252, 52.083798], [5.429286, 52.083794], [5.42932, 52.083789], [5.429354, 52.083785], [5.429388, 52.083781], [5.429455, 52.083771], [5.429522, 52.083761], [5.429589, 52.083752], [5.429656, 52.083742], [5.429739, 52.083728], [5.429823, 52.083714], [5.429907, 52.083701], [5.429991, 52.083687], [5.430066, 52.083676], [5.430142, 52.083665], [5.430256, 52.083648], [5.43037, 52.083632], [5.43056, 52.083604], [5.43075, 52.083576], [5.43086, 52.08356], [5.430971, 52.083544], [5.43112, 52.083523], [5.431269, 52.083501], [5.431419, 52.08348], [5.431568, 52.083458], [5.431681, 52.083441], [5.431794, 52.083423], [5.431907, 52.083405], [5.432021, 52.083388], [5.432112, 52.083375], [5.432204, 52.083361], [5.432296, 52.083348], [5.432388, 52.083335], [5.432431, 52.083329], [5.432474, 52.083322], [5.432517, 52.083316], [5.432559, 52.08331], [5.43263, 52.083299], [5.432701, 52.083288], [5.432773, 52.083276], [5.432844, 52.083265], [5.432863, 52.083262], [5.432883, 52.08326], [5.432942, 52.083252], [5.433001, 52.083244], [5.433027, 52.083239], [5.433054, 52.083234], [5.433081, 52.08323], [5.433108, 52.083225], [5.433132, 52.08322], [5.433156, 52.083216], [5.433179, 52.083211], [5.433203, 52.083206], [5.433242, 52.0832], [5.433282, 52.083194], [5.433321, 52.083188], [5.433361, 52.083183], [5.433477, 52.083165], [5.433594, 52.083147], [5.433711, 52.083129], [5.433827, 52.083111], [5.434086, 52.083072], [5.434345, 52.083033], [5.434604, 52.082994], [5.434863, 52.082955], [5.434935, 52.082944], [5.435007, 52.082932], [5.435079, 52.082921], [5.43515, 52.08291], [5.435155, 52.082939], [5.43516, 52.082967], [5.435165, 52.082995], [5.43517, 52.083024], [5.435178, 52.083066], [5.435186, 52.083108], [5.435194, 52.083151], [5.435201, 52.083193], [5.435207, 52.083226], [5.435213, 52.083259], [5.435217, 52.083276], [5.43522, 52.083294], [5.435223, 52.083312], [5.435226, 52.083329], [5.435342, 52.083312], [5.435457, 52.083294], [5.435573, 52.083276], [5.435689, 52.083259], [5.435959, 52.083217], [5.43623, 52.083176], [5.4365, 52.083134], [5.43677, 52.083093], [5.436766, 52.083076], [5.436762, 52.08306], [5.436781, 52.082961], [5.4368, 52.082862], [5.436816, 52.082753], [5.436832, 52.082643], [5.436833, 52.082598], [5.436835, 52.082554], [5.436952, 52.082545], [5.437068, 52.082537], [5.437203, 52.082527], [5.437337, 52.082518], [5.437617, 52.082496], [5.437896, 52.082474], [5.438078, 52.082458], [5.43826, 52.082442], [5.438438, 52.082428], [5.438435, 52.082384], [5.438432, 52.082323], [5.438428, 52.082262], [5.438428, 52.082253], [5.438427, 52.082245], [5.438427, 52.082236], [5.438426, 52.082228], [5.438426, 52.08222], [5.438425, 52.082211], [5.438425, 52.082203], [5.438424, 52.082194], [5.438424, 52.082183], [5.438423, 52.082171], [5.438422, 52.08216], [5.438421, 52.082148], [5.43842, 52.082136], [5.43842, 52.082125], [5.438419, 52.082113], [5.438418, 52.082102], [5.438417, 52.082094], [5.438417, 52.082086], [5.438416, 52.082079], [5.438416, 52.082071], [5.438415, 52.082064], [5.438415, 52.082056], [5.438414, 52.082049], [5.438414, 52.082041], [5.438412, 52.082022], [5.43841, 52.082004], [5.438408, 52.081985], [5.438406, 52.081967], [5.438404, 52.081948], [5.438402, 52.08193], [5.4384, 52.081911], [5.438398, 52.081893], [5.438395, 52.081876], [5.438393, 52.081859], [5.438391, 52.081842], [5.438388, 52.081826], [5.438386, 52.081809], [5.438384, 52.081792], [5.438381, 52.081776], [5.438379, 52.081759], [5.438376, 52.081737], [5.438373, 52.081716], [5.438369, 52.081695], [5.438366, 52.081673], [5.438363, 52.081652], [5.438359, 52.08163], [5.438356, 52.081609], [5.438353, 52.081588], [5.438351, 52.081579], [5.43835, 52.081571], [5.438348, 52.081562], [5.438347, 52.081554], [5.438346, 52.081545], [5.438344, 52.081537], [5.438343, 52.081529], [5.438342, 52.08152], [5.438335, 52.081522], [5.438329, 52.081524], [5.438322, 52.081525], [5.438316, 52.081527], [5.438315, 52.081518], [5.438314, 52.081509], [5.438314, 52.0815], [5.438312, 52.081491], [5.438309, 52.081473], [5.438305, 52.081455], [5.438301, 52.081436], [5.438297, 52.081418], [5.438293, 52.0814], [5.438289, 52.081383], [5.438285, 52.081365], [5.438281, 52.081348], [5.438277, 52.081334], [5.438273, 52.08132], [5.438269, 52.081306], [5.438265, 52.081292], [5.438256, 52.081269], [5.438246, 52.081245], [5.438237, 52.081221], [5.438227, 52.081197], [5.438217, 52.081174], [5.438208, 52.08115], [5.438198, 52.081127], [5.438188, 52.081103], [5.438177, 52.081081], [5.438165, 52.081059], [5.438154, 52.081037], [5.438142, 52.081014], [5.438152, 52.081012], [5.438163, 52.08101], [5.438173, 52.081007], [5.438183, 52.081005], [5.438154, 52.080952], [5.438125, 52.0809], [5.438096, 52.080847], [5.438067, 52.080795], [5.438046, 52.080756], [5.438025, 52.080716], [5.438005, 52.080677], [5.437984, 52.080638], [5.437982, 52.080635], [5.437981, 52.080632], [5.437969, 52.08061], [5.437957, 52.080589], [5.437945, 52.080567], [5.437933, 52.080545], [5.437929, 52.080536], [5.437924, 52.080527], [5.43792, 52.080517], [5.437916, 52.080508], [5.437913, 52.080501], [5.43791, 52.080495], [5.437908, 52.080488], [5.437905, 52.080482], [5.437903, 52.080475], [5.437901, 52.080469], [5.437898, 52.080462], [5.437896, 52.080455], [5.437893, 52.080446], [5.43789, 52.080436], [5.437887, 52.080427], [5.437884, 52.080417], [5.437882, 52.080408], [5.43788, 52.080399], [5.437878, 52.08039], [5.437876, 52.080381], [5.437874, 52.080368], [5.437872, 52.080355], [5.43787, 52.080342], [5.437868, 52.080329], [5.437866, 52.08031], [5.437865, 52.080292], [5.437863, 52.080274], [5.437861, 52.080256], [5.437861, 52.080245], [5.43786, 52.080234], [5.437859, 52.080222], [5.437859, 52.080211], [5.437862, 52.080178], [5.437866, 52.080145], [5.437869, 52.080112], [5.437872, 52.080079], [5.437875, 52.080048], [5.437877, 52.080017], [5.43788, 52.079986], [5.437883, 52.079955], [5.437886, 52.079915], [5.437889, 52.079875], [5.437892, 52.079835], [5.437895, 52.079795], [5.437889, 52.079795], [5.437883, 52.079795], [5.437871, 52.079794], [5.437871, 52.079787], [5.437872, 52.079779], [5.437872, 52.079772], [5.437873, 52.079765], [5.437875, 52.079734], [5.437877, 52.079704], [5.43788, 52.079674], [5.437882, 52.079643], [5.437875, 52.079643], [5.437869, 52.079643], [5.437855, 52.079643], [5.437859, 52.0796], [5.437862, 52.079556], [5.437865, 52.079512], [5.437868, 52.079469], [5.437874, 52.079468], [5.43788, 52.079466], [5.437892, 52.079463], [5.437897, 52.079407], [5.437902, 52.079351], [5.437908, 52.079295], [5.437913, 52.079239], [5.437917, 52.079202], [5.437921, 52.079164], [5.437925, 52.079127], [5.437929, 52.07909], [5.437933, 52.079085], [5.437936, 52.07908], [5.43794, 52.079076], [5.437913, 52.079068], [5.437906, 52.079068], [5.437856, 52.079069], [5.437799, 52.07907], [5.43778, 52.079071], [5.437762, 52.079071], [5.437731, 52.079074], [5.437699, 52.079077], [5.437605, 52.079086], [5.437511, 52.079096], [5.437483, 52.079098], [5.43745, 52.079102], [5.437344, 52.079117], [5.437238, 52.079133], [5.43721, 52.079137], [5.437181, 52.079142], [5.4371, 52.079153], [5.437019, 52.079164], [5.436948, 52.079174], [5.436877, 52.079184], [5.436841, 52.079189], [5.436805, 52.079194], [5.43677, 52.079199], [5.436735, 52.079204], [5.436596, 52.079225], [5.436456, 52.079245], [5.436379, 52.079256], [5.436288, 52.07927], [5.436228, 52.079278], [5.436169, 52.079287], [5.435983, 52.079314], [5.435798, 52.079341], [5.435745, 52.079349], [5.435689, 52.079357], [5.435597, 52.07937], [5.435505, 52.079383], [5.435434, 52.079393], [5.435364, 52.079404], [5.435286, 52.079415], [5.435208, 52.079426], [5.435133, 52.079437], [5.435058, 52.079448], [5.435013, 52.079454], [5.434969, 52.079461], [5.434937, 52.079465], [5.434905, 52.07947], [5.434831, 52.079481], [5.434757, 52.079492], [5.434678, 52.079503], [5.434599, 52.079514], [5.434528, 52.079525], [5.434444, 52.079537], [5.434367, 52.079548], [5.43429, 52.079559], [5.43422, 52.079569], [5.434149, 52.079579], [5.434073, 52.07959], [5.433986, 52.079603], [5.433968, 52.079605], [5.43395, 52.079608], [5.433872, 52.079619], [5.433793, 52.07963], [5.433776, 52.079633], [5.433708, 52.079643], [5.43364, 52.079652], [5.433555, 52.079664], [5.433471, 52.079677], [5.433436, 52.079682], [5.4334, 52.079687], [5.433204, 52.079714], [5.433009, 52.079742], [5.432964, 52.079749], [5.432919, 52.079755], [5.432757, 52.079779], [5.432596, 52.079803], [5.432522, 52.079814], [5.432449, 52.079824], [5.432274, 52.079849], [5.432099, 52.079874], [5.432077, 52.079877], [5.432049, 52.079881], [5.432021, 52.079885], [5.431856, 52.079909], [5.43169, 52.079932], [5.431609, 52.079944], [5.431529, 52.079955], [5.43146, 52.079965], [5.43139, 52.079975], [5.431335, 52.079982], [5.431281, 52.07999], [5.431252, 52.079994], [5.431223, 52.079999], [5.431142, 52.08001], [5.431062, 52.080022], [5.43102, 52.080028], [5.430967, 52.080036], [5.430868, 52.08005], [5.430768, 52.080065], [5.430749, 52.080068], [5.430672, 52.080079], [5.430596, 52.08009], [5.430529, 52.0801], [5.430461, 52.08011], [5.43039, 52.08012], [5.430318, 52.080131], [5.430248, 52.080141], [5.430179, 52.080151], [5.43016, 52.080154], [5.430142, 52.080157], [5.43005, 52.08017], [5.429956, 52.080184], [5.429831, 52.080202], [5.429706, 52.080221], [5.429616, 52.080234], [5.429522, 52.08024], [5.429441, 52.080251], [5.429363, 52.08027], [5.429327, 52.080276], [5.42929, 52.080281], [5.42927, 52.080284], [5.42925, 52.080287], [5.429205, 52.080293], [5.429161, 52.0803], [5.429135, 52.080304], [5.429038, 52.080318], [5.428942, 52.080332], [5.428879, 52.080341], [5.428817, 52.080349], [5.42878, 52.080355], [5.428743, 52.08036], [5.428694, 52.080367], [5.428646, 52.080373], [5.428554, 52.080386], [5.428463, 52.080399], [5.428389, 52.080409], [5.428316, 52.08042], [5.42825, 52.080429], [5.428185, 52.080438], [5.428165, 52.080441], [5.428139, 52.080445], [5.428123, 52.080448], [5.428108, 52.080451], [5.427928, 52.080477], [5.427748, 52.080502], [5.427716, 52.080507], [5.427685, 52.080511], [5.42733, 52.080563], [5.427335, 52.080575], [5.42734, 52.080587], [5.427344, 52.0806], [5.427348, 52.080614], [5.427352, 52.080627], [5.427356, 52.080641], [5.427381, 52.080706], [5.427406, 52.080771], [5.427432, 52.080836], [5.427457, 52.080902], [5.427479, 52.080898], [5.427501, 52.080894], [5.427523, 52.080891], [5.427546, 52.080887], [5.427556, 52.080906], [5.427566, 52.080925], [5.427576, 52.080945], [5.427586, 52.080964], [5.427595, 52.080979], [5.427603, 52.080995], [5.427612, 52.08101], [5.42762, 52.081026], [5.427654, 52.081087], [5.427687, 52.081149], [5.42772, 52.081211], [5.427744, 52.081275], [5.427763, 52.081322], [5.427782, 52.081369], [5.427801, 52.081416], [5.427824, 52.081472], [5.427831, 52.081489], [5.427835, 52.081497], [5.427849, 52.081531], [5.427864, 52.081566], [5.427873, 52.08159], [5.427883, 52.081613], [5.427896, 52.081646], [5.42791, 52.081678], [5.427923, 52.08171], [5.427936, 52.081743], [5.427956, 52.081788], [5.427977, 52.081834], [5.427996, 52.081875], [5.428017, 52.081924], [5.428021, 52.08193], [5.428039, 52.081974], [5.428057, 52.082019], [5.428075, 52.082063], [5.428093, 52.082107], [5.428114, 52.082155], [5.428135, 52.082202], [5.42814, 52.082214], [5.428145, 52.082225], [5.428162, 52.082265], [5.428179, 52.082305], [5.428196, 52.082345], [5.428213, 52.082385], [5.428221, 52.082404], [5.428233, 52.082431], [5.428234, 52.082434], [5.428246, 52.08246], [5.428257, 52.082486], [5.428278, 52.082537], [5.428304, 52.082595], [5.42832, 52.082634], [5.428336, 52.082674], [5.428352, 52.082713], [5.428374, 52.082751], [5.428397, 52.082809], [5.428421, 52.082868], [5.428444, 52.082926], [5.428482, 52.082982], [5.428488, 52.082997], [5.428487, 52.083014], [5.42848, 52.083015], [5.428405, 52.083026], [5.428331, 52.083037], [5.428287, 52.083044], [5.428244, 52.08305], [5.428211, 52.083055], [5.428178, 52.08306], [5.428145, 52.083065], [5.428113, 52.08307], [5.428094, 52.083072], [5.428076, 52.083075], [5.428052, 52.083079], [5.428028, 52.083083], [5.428004, 52.083086], [5.42798, 52.08309], [5.427947, 52.083095], [5.427914, 52.0831], [5.42788, 52.083105], [5.427847, 52.083111], [5.427814, 52.083116], [5.427781, 52.083121], [5.427748, 52.083126], [5.427715, 52.083131], [5.427683, 52.083136], [5.427651, 52.083141], [5.427626, 52.083145], [5.4276, 52.083149], [5.427581, 52.083152], [5.427561, 52.083155], [5.427573, 52.083182], [5.427584, 52.083208], [5.427605, 52.083259], [5.427626, 52.083309], [5.427636, 52.083333], [5.427646, 52.083356], [5.427621, 52.08336], [5.427596, 52.083364], [5.427581, 52.083366], [5.427566, 52.083369], [5.427551, 52.083371], [5.427536, 52.083373], [5.427519, 52.083376], [5.427502, 52.083378], [5.42748, 52.083382], [5.427458, 52.083385], [5.427442, 52.083388], [5.427425, 52.08339], [5.42741, 52.083393], [5.427395, 52.083395], [5.427379, 52.083397], [5.427364, 52.0834], [5.427349, 52.083402], [5.427332, 52.083405], [5.427315, 52.083407], [5.427298, 52.08341], [5.427273, 52.083414], [5.427254, 52.083417], [5.427235, 52.08342], [5.427215, 52.083423], [5.427196, 52.083426], [5.427175, 52.083429], [5.427153, 52.083433], [5.427136, 52.083435], [5.42712, 52.083438], [5.427082, 52.083444], [5.427044, 52.08345], [5.427025, 52.083453], [5.426996, 52.083457], [5.426967, 52.083462], [5.42695, 52.083464], [5.426933, 52.083467], [5.426916, 52.08347], [5.426891, 52.083474], [5.426872, 52.083477], [5.426853, 52.08348], [5.426834, 52.083483], [5.426815, 52.083486], [5.426777, 52.083492], [5.426738, 52.083498], [5.426719, 52.083501], [5.4267, 52.083504], [5.426681, 52.083507], [5.426662, 52.08351], [5.426643, 52.083512], [5.426625, 52.083515], [5.426606, 52.083518], [5.426587, 52.083521], [5.426568, 52.083524], [5.426526, 52.083531], [5.426478, 52.083538], [5.426462, 52.083541], [5.426421, 52.083547], [5.42638, 52.083553], [5.426339, 52.083559], [5.426298, 52.083565], [5.426364, 52.083727], [5.42643, 52.083888], [5.426496, 52.08405], [5.426562, 52.084212], [5.426503, 52.08422], [5.426444, 52.084229], [5.426385, 52.084238], [5.426325, 52.084247], [5.426157, 52.084273], [5.425988, 52.084299], [5.425818, 52.084325], [5.425647, 52.084351], [5.425623, 52.084355], [5.425599, 52.084358], [5.425575, 52.084362], [5.425552, 52.084366], [5.425474, 52.084377], [5.425397, 52.084389], [5.42532, 52.084401], [5.425242, 52.084413], [5.425324, 52.084606], [5.425365, 52.084703], [5.425406, 52.084799], [5.425572, 52.084774]]]]}}, {"type": "Feature", "properties": {"buurtcode": "BU03510008", "buurtnaam": "Bedrijventerrein", "wijkcode": "WK035100", "gemeentecode": "GM0351", "gemeentenaam": "Woudenberg", "indelingswijzigingWijkenEnBuurten": 1, "water": "NEE", "meestVoorkomendePostcode": "3931", "dekkingspercentage": 1, "omgevingsadressendichtheid": 216, "stedelijkheidAdressenPerKm2": 5, "bevolkingsdichtheidInwonersPerKm2": 164, "aantalInwoners": 75, "mannen": 35, "vrouwen": 35, "percentagePersonen0Tot15Jaar": 14, "percentagePersonen15Tot25Jaar": 19, "percentagePersonen25Tot45Jaar": 19, "percentagePersonen45Tot65Jaar": 28, "percentagePersonen65JaarEnOuder": 20, "percentageOngehuwd": 42, "percentageGehuwd": 54, "percentageGescheid": -99997, "percentageVerweduwd": 0, "aantalHuishoudens": 25, "percentageEenpersoonshuishoudens": 21, "percentageHuishoudensZonderKinderen": 32, "percentageHuishoudensMetKinderen": 46, "gemiddeldeHuishoudsgrootte": 2.6, "percentageMetHerkomstlandNederland": 90, "percentageMetHerkomstlandUitEuropaExclNl": -99997, "percentageMetHerkomstlandBuitenEuropa": 0, "percentageGebInNlMetHerkomstlandNederland": 90, "percGebInNlMetHerkomstlandInEuropaExNl": -99997, "percGebInNlMetHerkomstlandBuitenEuropa": 0, "percGebBuitenNlMetHerkomstlndInEuropaExNl": -99997, "percGebBuitenNlMetHerkomstlndBuitenEuropa": 0, "oppervlakteTotaalInHa": 45, "oppervlakteLandInHa": 45, "oppervlakteWaterInHa": 0, "jrstatcode": "2025BU03510008", "jaar": 2025}, "bbox": [5.443716021977335, 52.07771332911337, 5.457091011554939, 52.08932599880973], "geometry": {"type": "MultiPolygon", "coordinates": [[[[5.448464, 52.088684], [5.450271, 52.088042], [5.450532, 52.087943], [5.450836, 52.087844], [5.45114, 52.087745], [5.451372, 52.08767], [5.451374, 52.087496], [5.451375, 52.087323], [5.451373, 52.087273], [5.451372, 52.087223], [5.451359, 52.087108], [5.451345, 52.086992], [5.451333, 52.086912], [5.451321, 52.086832], [5.451311, 52.086803], [5.4513, 52.086773], [5.451275, 52.086703], [5.451249, 52.086633], [5.45124, 52.086615], [5.451236, 52.086607], [5.45123, 52.086598], [5.451229, 52.086595], [5.451215, 52.08657], [5.451204, 52.086548], [5.451197, 52.086536], [5.45117, 52.086485], [5.451087, 52.086332], [5.451021, 52.086212], [5.450984, 52.086144], [5.450947, 52.086075], [5.450895, 52.085984], [5.450843, 52.085893], [5.450786, 52.085804], [5.450729, 52.085716], [5.45076, 52.085713], [5.450792, 52.08571], [5.45078, 52.085678], [5.450768, 52.085646], [5.450761, 52.085613], [5.450754, 52.085581], [5.450745, 52.085525], [5.450736, 52.085469], [5.450734, 52.085419], [5.450731, 52.085369], [5.450734, 52.085314], [5.450736, 52.085258], [5.450748, 52.085218], [5.45076, 52.085179], [5.450777, 52.085137], [5.450794, 52.085095], [5.450834, 52.084993], [5.450873, 52.08489], [5.450917, 52.084831], [5.450961, 52.084772], [5.450997, 52.084735], [5.451036, 52.084697], [5.451086, 52.084648], [5.451137, 52.084599], [5.451184, 52.08456], [5.451231, 52.08452], [5.451281, 52.084484], [5.451331, 52.084449], [5.451367, 52.084421], [5.451403, 52.084393], [5.451465, 52.08436], [5.451527, 52.084326], [5.451636, 52.084278], [5.451745, 52.084229], [5.451851, 52.084187], [5.451958, 52.084145], [5.452034, 52.084114], [5.45211, 52.084083], [5.452151, 52.084062], [5.452193, 52.08404], [5.452211, 52.084033], [5.452229, 52.084027], [5.452293, 52.084005], [5.452356, 52.083984], [5.45249, 52.083934], [5.452624, 52.083885], [5.452645, 52.083877], [5.452666, 52.083869], [5.452795, 52.083822], [5.452925, 52.083774], [5.453111, 52.083704], [5.453297, 52.083634], [5.453393, 52.083592], [5.45349, 52.083551], [5.453574, 52.083513], [5.453657, 52.083476], [5.453721, 52.083448], [5.453785, 52.083419], [5.453849, 52.083384], [5.453913, 52.083348], [5.453994, 52.083301], [5.454074, 52.083253], [5.454134, 52.083208], [5.454189, 52.083166], [5.454301, 52.08309], [5.454413, 52.083014], [5.45454, 52.082929], [5.454667, 52.082844], [5.454848, 52.082716], [5.455029, 52.082589], [5.455201, 52.082466], [5.455374, 52.082343], [5.455543, 52.082225], [5.455711, 52.082107], [5.455874, 52.081994], [5.456037, 52.08188], [5.456222, 52.081747], [5.456408, 52.081614], [5.456652, 52.081475], [5.456655, 52.08147], [5.456701, 52.081414], [5.456742, 52.081363], [5.456778, 52.081343], [5.456813, 52.081322], [5.456882, 52.081283], [5.456952, 52.081243], [5.45696, 52.081238], [5.456985, 52.081226], [5.457, 52.081219], [5.45701, 52.081167], [5.45702, 52.081115], [5.457057, 52.081097], [5.457091, 52.081079], [5.457054, 52.081052], [5.457016, 52.081023], [5.456896, 52.080938], [5.456931, 52.080922], [5.45696, 52.080908], [5.456891, 52.080868], [5.456822, 52.080828], [5.456702, 52.080758], [5.456582, 52.080688], [5.456562, 52.080677], [5.456543, 52.080665], [5.45653, 52.080658], [5.456517, 52.080651], [5.456433, 52.080604], [5.456352, 52.080558], [5.45633, 52.080545], [5.456264, 52.08051], [5.456198, 52.080475], [5.456023, 52.08037], [5.455848, 52.080265], [5.455814, 52.080245], [5.455779, 52.080224], [5.455747, 52.080205], [5.455715, 52.080185], [5.455686, 52.080167], [5.455656, 52.080149], [5.455635, 52.080137], [5.455613, 52.080126], [5.45555, 52.080113], [5.455526, 52.080076], [5.455502, 52.080039], [5.455488, 52.080016], [5.455473, 52.079993], [5.455443, 52.080021], [5.455414, 52.080048], [5.455372, 52.080084], [5.45533, 52.080119], [5.455273, 52.080162], [5.455217, 52.080206], [5.455146, 52.080263], [5.455076, 52.08032], [5.455019, 52.080368], [5.454962, 52.080416], [5.454932, 52.080438], [5.454902, 52.08046], [5.454877, 52.080483], [5.454853, 52.080505], [5.454815, 52.080541], [5.454778, 52.080576], [5.45477, 52.080583], [5.454762, 52.080591], [5.454731, 52.080612], [5.4547, 52.080633], [5.454745, 52.080471], [5.454789, 52.080309], [5.454745, 52.080279], [5.4547, 52.080249], [5.454727, 52.080197], [5.454754, 52.080146], [5.454492, 52.080095], [5.454229, 52.080045], [5.454262, 52.079984], [5.454294, 52.079924], [5.454256, 52.079916], [5.454218, 52.079909], [5.454184, 52.079902], [5.45415, 52.079896], [5.454052, 52.079876], [5.453954, 52.079857], [5.453845, 52.079834], [5.453737, 52.079812], [5.453701, 52.079841], [5.453664, 52.07987], [5.453657, 52.079866], [5.45365, 52.079862], [5.453589, 52.079827], [5.453528, 52.079793], [5.45325, 52.079639], [5.452972, 52.079485], [5.452922, 52.079457], [5.452873, 52.07943], [5.452871, 52.079429], [5.452868, 52.079427], [5.452852, 52.079418], [5.452836, 52.07941], [5.452657, 52.079309], [5.452695, 52.079283], [5.452798, 52.079213], [5.452771, 52.079198], [5.452744, 52.079183], [5.452564, 52.079086], [5.452388, 52.078987], [5.452286, 52.079056], [5.452248, 52.079081], [5.452109, 52.079004], [5.451896, 52.078887], [5.451955, 52.078822], [5.452015, 52.078757], [5.452039, 52.07873], [5.452064, 52.078702], [5.45218, 52.078574], [5.452296, 52.078446], [5.452411, 52.078319], [5.452526, 52.078193], [5.452598, 52.078116], [5.45267, 52.078038], [5.452755, 52.077945], [5.45284, 52.077851], [5.452465, 52.077713], [5.45219, 52.078016], [5.451983, 52.078244], [5.451839, 52.078404], [5.451694, 52.078564], [5.451654, 52.078608], [5.451615, 52.078652], [5.451579, 52.078691], [5.451543, 52.078731], [5.451535, 52.07874], [5.451526, 52.078749], [5.451523, 52.078753], [5.451519, 52.078757], [5.451461, 52.078822], [5.451402, 52.078886], [5.451256, 52.079048], [5.45111, 52.07921], [5.451075, 52.079246], [5.451041, 52.079282], [5.45104, 52.079284], [5.450997, 52.079277], [5.450954, 52.07927], [5.450929, 52.079295], [5.450905, 52.079321], [5.45087, 52.079359], [5.450834, 52.079397], [5.450831, 52.0794], [5.450828, 52.079404], [5.450722, 52.079519], [5.450616, 52.079635], [5.450604, 52.079648], [5.450591, 52.07966], [5.450605, 52.079665], [5.450619, 52.07967], [5.450568, 52.079728], [5.450516, 52.079786], [5.450439, 52.079874], [5.450361, 52.079962], [5.450238, 52.080101], [5.450116, 52.08024], [5.450099, 52.080257], [5.450082, 52.080274], [5.450152, 52.080287], [5.450222, 52.080301], [5.450186, 52.080347], [5.450151, 52.080394], [5.45012, 52.080387], [5.450089, 52.08038], [5.450072, 52.080387], [5.450055, 52.080394], [5.449957, 52.080377], [5.449859, 52.08036], [5.449674, 52.080327], [5.449659, 52.080324], [5.449636, 52.080353], [5.449621, 52.080369], [5.449606, 52.080385], [5.449586, 52.080407], [5.449567, 52.080429], [5.449362, 52.080657], [5.449157, 52.080885], [5.449118, 52.080929], [5.449078, 52.080973], [5.449039, 52.081017], [5.448999, 52.081061], [5.448922, 52.081147], [5.448846, 52.081232], [5.448769, 52.081318], [5.448692, 52.081404], [5.448653, 52.081391], [5.448614, 52.081377], [5.448575, 52.081364], [5.448536, 52.081351], [5.448532, 52.081355], [5.448418, 52.08148], [5.448305, 52.081606], [5.448193, 52.081729], [5.448081, 52.081852], [5.448049, 52.081887], [5.448016, 52.081923], [5.447984, 52.081958], [5.447952, 52.081994], [5.447817, 52.082142], [5.447683, 52.082291], [5.447548, 52.082439], [5.447413, 52.082587], [5.447502, 52.082617], [5.447591, 52.082647], [5.44768, 52.082677], [5.447769, 52.082708], [5.447645, 52.082844], [5.447522, 52.08298], [5.447399, 52.083117], [5.447275, 52.083253], [5.447228, 52.083305], [5.447181, 52.083357], [5.447134, 52.083409], [5.447087, 52.083461], [5.446706, 52.083883], [5.446324, 52.084304], [5.445943, 52.084726], [5.445562, 52.085147], [5.445533, 52.085179], [5.445504, 52.08521], [5.445476, 52.085242], [5.445447, 52.085274], [5.445341, 52.085391], [5.445235, 52.085509], [5.445128, 52.085626], [5.445022, 52.085743], [5.445033, 52.085769], [5.445043, 52.085795], [5.445054, 52.085821], [5.445065, 52.085847], [5.444978, 52.085944], [5.444892, 52.086041], [5.444805, 52.086138], [5.444719, 52.086235], [5.444619, 52.086345], [5.44452, 52.086455], [5.444421, 52.086566], [5.444321, 52.086676], [5.444215, 52.08679], [5.444109, 52.086905], [5.444004, 52.08702], [5.443898, 52.087134], [5.443852, 52.087184], [5.443807, 52.087233], [5.443761, 52.087283], [5.443716, 52.087332], [5.443805, 52.087387], [5.443894, 52.087442], [5.443983, 52.087496], [5.444072, 52.087551], [5.444087, 52.087559], [5.444102, 52.087567], [5.444117, 52.087575], [5.444132, 52.087583], [5.444147, 52.087591], [5.444162, 52.087599], [5.444177, 52.087607], [5.444192, 52.087615], [5.444205, 52.087601], [5.444218, 52.087586], [5.444231, 52.087572], [5.444244, 52.087577], [5.444245, 52.087587], [5.444249, 52.087597], [5.44426, 52.08761], [5.444272, 52.087623], [5.444297, 52.087638], [5.444319, 52.087649], [5.444341, 52.08766], [5.444362, 52.087671], [5.444384, 52.087682], [5.444405, 52.087692], [5.444427, 52.087703], [5.444448, 52.087714], [5.444465, 52.087732], [5.444493, 52.087746], [5.444522, 52.087761], [5.44455, 52.087775], [5.444576, 52.087788], [5.444602, 52.087801], [5.444618, 52.087809], [5.444645, 52.087825], [5.444668, 52.087838], [5.44469, 52.087851], [5.444712, 52.087863], [5.444735, 52.087876], [5.444757, 52.087889], [5.444779, 52.087902], [5.444802, 52.087915], [5.444825, 52.087926], [5.444848, 52.087936], [5.444872, 52.087947], [5.444895, 52.087958], [5.444961, 52.087989], [5.445026, 52.08802], [5.445091, 52.088052], [5.445157, 52.088083], [5.445222, 52.088114], [5.445287, 52.088146], [5.445353, 52.088177], [5.445418, 52.088208], [5.445437, 52.088203], [5.445455, 52.088198], [5.445473, 52.088193], [5.445492, 52.088188], [5.44551, 52.088183], [5.445529, 52.088178], [5.445547, 52.088173], [5.445566, 52.088168], [5.445591, 52.088182], [5.445607, 52.088199], [5.445622, 52.088216], [5.445638, 52.088233], [5.445659, 52.088256], [5.445681, 52.088279], [5.445702, 52.088302], [5.445723, 52.088325], [5.445745, 52.088348], [5.445766, 52.088372], [5.445787, 52.088395], [5.445808, 52.088418], [5.445821, 52.088431], [5.445833, 52.088444], [5.445849, 52.088462], [5.445865, 52.088479], [5.445882, 52.088497], [5.445898, 52.088515], [5.445937, 52.088556], [5.445967, 52.088589], [5.445998, 52.088622], [5.446028, 52.088654], [5.446059, 52.088687], [5.446089, 52.08872], [5.446119, 52.088752], [5.44615, 52.088785], [5.446178, 52.088815], [5.446207, 52.088846], [5.446236, 52.088877], [5.446265, 52.088907], [5.446293, 52.088938], [5.446322, 52.088969], [5.446351, 52.088999], [5.446379, 52.08903], [5.446409, 52.089062], [5.446439, 52.089094], [5.446469, 52.089126], [5.4465, 52.089158], [5.44653, 52.08919], [5.44656, 52.089222], [5.44659, 52.089254], [5.44662, 52.089286], [5.446629, 52.089296], [5.446638, 52.089306], [5.446648, 52.089316], [5.446657, 52.089326], [5.448464, 52.088684]]]]}}, {"type": "Feature", "properties": {"buurtcode": "BU03510009", "buurtnaam": "Den Treek-Henschoten", "wijkcode": "WK035100", "gemeentecode": "GM0351", "gemeentenaam": "Woudenberg", "indelingswijzigingWijkenEnBuurten": 1, "water": "NEE", "meestVoorkomendePostcode": "3931", "dekkingspercentage": 1, "omgevingsadressendichtheid": 246, "stedelijkheidAdressenPerKm2": 5, "bevolkingsdichtheidInwonersPerKm2": 41, "aantalInwoners": 390, "mannen": 205, "vrouwen": 185, "percentagePersonen0Tot15Jaar": 9, "percentagePersonen15Tot25Jaar": 7, "percentagePersonen25Tot45Jaar": 24, "percentagePersonen45Tot65Jaar": 38, "percentagePersonen65JaarEnOuder": 21, "percentageOngehuwd": 65, "percentageGehuwd": 32, "percentageGescheid": -99997, "percentageVerweduwd": 2, "aantalHuishoudens": 95, "percentageEenpersoonshuishoudens": 27, "percentageHuishoudensZonderKinderen": 27, "percentageHuishoudensMetKinderen": 45, "gemiddeldeHuishoudsgrootte": 2.5, "percentageMetHerkomstlandNederland": 80, "percentageMetHerkomstlandUitEuropaExclNl": 10, "percentageMetHerkomstlandBuitenEuropa": 10, "percentageGebInNlMetHerkomstlandNederland": 80, "percGebInNlMetHerkomstlandInEuropaExNl": 0, "percGebInNlMetHerkomstlandBuitenEuropa": 5, "percGebBuitenNlMetHerkomstlndInEuropaExNl": 5, "percGebBuitenNlMetHerkomstlndBuitenEuropa": 5, "oppervlakteTotaalInHa": 954, "oppervlakteLandInHa": 944, "oppervlakteWaterInHa": 11, "jrstatcode": "2025BU03510009", "jaar": 2025}, "bbox": [5.29830038489485, 52.06429875693632, 5.4112869222541775, 52.10190123079749], "geometry": {"type": "MultiPolygon", "coordinates": [[[[5.324083, 52.101015], [5.326229, 52.099776], [5.329877, 52.098219], [5.334297, 52.096334], [5.335874, 52.09597], [5.335984, 52.095948], [5.340567, 52.095032], [5.340823, 52.095004], [5.341045, 52.094976], [5.342217, 52.094812], [5.34457, 52.094505], [5.34651, 52.094248], [5.347923, 52.094062], [5.348573, 52.093979], [5.349813, 52.093824], [5.350478, 52.093737], [5.352196, 52.093511], [5.353663, 52.093319], [5.355199, 52.093121], [5.35642, 52.092969], [5.357508, 52.092842], [5.35799, 52.092775], [5.359936, 52.092507], [5.360117, 52.092485], [5.360128, 52.092483], [5.361145, 52.09236], [5.361669, 52.092296], [5.361732, 52.092288], [5.362026, 52.092253], [5.362321, 52.092217], [5.363133, 52.092119], [5.363517, 52.092072], [5.364422, 52.091963], [5.365136, 52.091874], [5.365317, 52.091852], [5.365442, 52.091836], [5.365761, 52.091797], [5.365807, 52.091792], [5.366021, 52.091765], [5.367159, 52.091643], [5.368259, 52.091526], [5.371021, 52.091233], [5.372901, 52.091033], [5.374744, 52.090838], [5.37613, 52.090691], [5.377775, 52.090516], [5.378014, 52.09049], [5.37801, 52.090472], [5.379316, 52.090366], [5.379327, 52.090372], [5.379616, 52.090358], [5.380122, 52.090333], [5.380281, 52.090327], [5.380935, 52.090295], [5.381025, 52.090288], [5.381199, 52.090277], [5.381267, 52.090273], [5.381634, 52.090252], [5.381679, 52.09025], [5.381996, 52.090237], [5.382465, 52.09022], [5.382846, 52.090207], [5.382874, 52.090206], [5.383042, 52.090198], [5.383225, 52.090188], [5.383607, 52.090171], [5.383825, 52.090163], [5.384211, 52.090146], [5.384351, 52.090139], [5.384442, 52.090132], [5.384492, 52.090125], [5.384855, 52.090109], [5.385685, 52.090078], [5.386125, 52.090044], [5.386306, 52.090038], [5.386526, 52.09002], [5.386658, 52.090012], [5.386827, 52.09001], [5.387083, 52.09], [5.387485, 52.089978], [5.387949, 52.089952], [5.388591, 52.089928], [5.388939, 52.089911], [5.389062, 52.089901], [5.389123, 52.089895], [5.389137, 52.089895], [5.389149, 52.089895], [5.389154, 52.089894], [5.389287, 52.08989], [5.389309, 52.089889], [5.38932, 52.089889], [5.389407, 52.089885], [5.389835, 52.089866], [5.390434, 52.089835], [5.390742, 52.089825], [5.391117, 52.089806], [5.391294, 52.089798], [5.391396, 52.089791], [5.391422, 52.089789], [5.391495, 52.089784], [5.391738, 52.089773], [5.392427, 52.089737], [5.392932, 52.089708], [5.393116, 52.08971], [5.393263, 52.089711], [5.393277, 52.089711], [5.393697, 52.089683], [5.394008, 52.089664], [5.394401, 52.08964], [5.394499, 52.089636], [5.394556, 52.089633], [5.394766, 52.089621], [5.394903, 52.089615], [5.395306, 52.089597], [5.395666, 52.089577], [5.396124, 52.089555], [5.396798, 52.089523], [5.39774, 52.089486], [5.398555, 52.089453], [5.399236, 52.089425], [5.399808, 52.0894], [5.400178, 52.089382], [5.400633, 52.08936], [5.401013, 52.089344], [5.401187, 52.089339], [5.401207, 52.089338], [5.401219, 52.089301], [5.401249, 52.089209], [5.40128, 52.089116], [5.401316, 52.089005], [5.401352, 52.088894], [5.401385, 52.088787], [5.401418, 52.08868], [5.401447, 52.08859], [5.401477, 52.0885], [5.401514, 52.088378], [5.401551, 52.088255], [5.401578, 52.088167], [5.401606, 52.088079], [5.40161, 52.088064], [5.401615, 52.088049], [5.401596, 52.088035], [5.401578, 52.088022], [5.401531, 52.088023], [5.401484, 52.088025], [5.401339, 52.08803], [5.401193, 52.088034], [5.401186, 52.088034], [5.401179, 52.088035], [5.401012, 52.088043], [5.400845, 52.088051], [5.400684, 52.088061], [5.400523, 52.088071], [5.400568, 52.087916], [5.400612, 52.087762], [5.400676, 52.087541], [5.400739, 52.087319], [5.400802, 52.087103], [5.400865, 52.086887], [5.400882, 52.086885], [5.400922, 52.086878], [5.400963, 52.086871], [5.400982, 52.086776], [5.401001, 52.086682], [5.401017, 52.086607], [5.401034, 52.086532], [5.401045, 52.086478], [5.401057, 52.086424], [5.401059, 52.086416], [5.401075, 52.086339], [5.401092, 52.086262], [5.401111, 52.086173], [5.401129, 52.086085], [5.401131, 52.086076], [5.401132, 52.086068], [5.401135, 52.086057], [5.401137, 52.086046], [5.401157, 52.085952], [5.401176, 52.085859], [5.401211, 52.085695], [5.401212, 52.085691], [5.401217, 52.085673], [5.401222, 52.085655], [5.401244, 52.085576], [5.401515, 52.08556], [5.401541, 52.085466], [5.401567, 52.085372], [5.401598, 52.085255], [5.401629, 52.085137], [5.401651, 52.085052], [5.401674, 52.084967], [5.401733, 52.084749], [5.401793, 52.084531], [5.401816, 52.084446], [5.401839, 52.08436], [5.401816, 52.084361], [5.401792, 52.084363], [5.401779, 52.084364], [5.401765, 52.084365], [5.401681, 52.084371], [5.401597, 52.084378], [5.401483, 52.084385], [5.40137, 52.084392], [5.401408, 52.084236], [5.401447, 52.084081], [5.40146, 52.084027], [5.401474, 52.083974], [5.401502, 52.083854], [5.401531, 52.083734], [5.401551, 52.083651], [5.401533, 52.08365], [5.401515, 52.083648], [5.401434, 52.083634], [5.401354, 52.083621], [5.401102, 52.083571], [5.400849, 52.083521], [5.400799, 52.08345], [5.400749, 52.083379], [5.400715, 52.083323], [5.400681, 52.083268], [5.400677, 52.083261], [5.400672, 52.083254], [5.40077, 52.083224], [5.400869, 52.083194], [5.400915, 52.083172], [5.400962, 52.083151], [5.400981, 52.083118], [5.400999, 52.083085], [5.400995, 52.083049], [5.400992, 52.083014], [5.401014, 52.08298], [5.401036, 52.082945], [5.401085, 52.08293], [5.401134, 52.082915], [5.401127, 52.082908], [5.401121, 52.082901], [5.401225, 52.082869], [5.40133, 52.082836], [5.401352, 52.08283], [5.401375, 52.082824], [5.401407, 52.082811], [5.40144, 52.082799], [5.40145, 52.082796], [5.401459, 52.082793], [5.401539, 52.082767], [5.401619, 52.082741], [5.401661, 52.082728], [5.401703, 52.082714], [5.401748, 52.0827], [5.401792, 52.082686], [5.401908, 52.082649], [5.402023, 52.082611], [5.402054, 52.082601], [5.402085, 52.082592], [5.402089, 52.08259], [5.402188, 52.082559], [5.402287, 52.082528], [5.402308, 52.082521], [5.40233, 52.082514], [5.402351, 52.082507], [5.402373, 52.0825], [5.40247, 52.082469], [5.402568, 52.082438], [5.402572, 52.082436], [5.402576, 52.082435], [5.402758, 52.082376], [5.402941, 52.082316], [5.402946, 52.082315], [5.402951, 52.082313], [5.402969, 52.082309], [5.402988, 52.082305], [5.403023, 52.082297], [5.403058, 52.082289], [5.403181, 52.082261], [5.403304, 52.082232], [5.403315, 52.08223], [5.403326, 52.082227], [5.40336, 52.08222], [5.403393, 52.082213], [5.403415, 52.082208], [5.403438, 52.082204], [5.403448, 52.082202], [5.403458, 52.0822], [5.403462, 52.082199], [5.403466, 52.082198], [5.403537, 52.082187], [5.403608, 52.082176], [5.403725, 52.082166], [5.403778, 52.082157], [5.403831, 52.082148], [5.403868, 52.082031], [5.403905, 52.081914], [5.403923, 52.081916], [5.40394, 52.081919], [5.403958, 52.081921], [5.403975, 52.081924], [5.403977, 52.081924], [5.403982, 52.081924], [5.403987, 52.081925], [5.403991, 52.081925], [5.403997, 52.081925], [5.404, 52.081925], [5.404002, 52.081925], [5.404008, 52.081925], [5.404013, 52.081925], [5.404019, 52.081925], [5.404025, 52.081924], [5.404029, 52.081924], [5.404032, 52.081924], [5.404037, 52.081924], [5.404042, 52.081923], [5.404046, 52.081923], [5.404049, 52.081923], [5.404053, 52.081922], [5.404057, 52.081922], [5.404059, 52.081922], [5.404061, 52.081922], [5.404064, 52.081921], [5.404067, 52.081921], [5.404071, 52.08192], [5.404074, 52.08192], [5.404077, 52.08192], [5.404081, 52.081919], [5.404085, 52.081918], [5.40409, 52.081918], [5.404095, 52.081917], [5.4041, 52.081916], [5.404105, 52.081915], [5.404114, 52.081913], [5.404123, 52.08191], [5.404131, 52.081908], [5.404139, 52.081907], [5.404147, 52.081904], [5.404156, 52.081901], [5.404159, 52.0819], [5.404162, 52.081899], [5.404164, 52.081899], [5.404167, 52.081898], [5.404173, 52.081897], [5.404178, 52.081896], [5.404184, 52.081895], [5.404189, 52.081895], [5.404194, 52.081894], [5.404199, 52.081893], [5.404204, 52.081894], [5.404209, 52.081894], [5.404215, 52.081893], [5.40422, 52.081893], [5.404227, 52.081894], [5.404234, 52.081894], [5.404238, 52.081895], [5.404243, 52.081895], [5.404247, 52.081896], [5.404252, 52.081896], [5.404255, 52.081897], [5.404259, 52.081898], [5.404262, 52.081898], [5.404265, 52.081899], [5.404268, 52.0819], [5.40427, 52.0819], [5.404279, 52.081903], [5.404288, 52.081905], [5.404336, 52.081844], [5.404383, 52.081782], [5.40438, 52.081781], [5.404378, 52.08178], [5.404374, 52.081779], [5.40437, 52.081777], [5.404366, 52.081776], [5.404363, 52.081775], [5.40436, 52.081774], [5.404357, 52.081773], [5.404354, 52.081771], [5.404352, 52.08177], [5.404346, 52.081767], [5.404341, 52.081764], [5.404336, 52.081761], [5.404331, 52.081759], [5.404322, 52.081752], [5.404314, 52.081745], [5.404311, 52.081743], [5.404308, 52.08174], [5.404307, 52.081739], [5.404306, 52.081737], [5.404304, 52.081736], [5.404303, 52.081734], [5.404301, 52.081732], [5.4043, 52.08173], [5.404298, 52.081727], [5.404296, 52.081725], [5.404295, 52.081722], [5.40429, 52.081715], [5.404286, 52.081707], [5.404284, 52.081703], [5.404281, 52.081699], [5.404278, 52.081693], [5.404274, 52.081687], [5.40427, 52.08168], [5.404266, 52.081674], [5.404264, 52.081672], [5.404263, 52.08167], [5.404261, 52.081668], [5.404259, 52.081665], [5.404257, 52.081662], [5.404255, 52.081659], [5.404253, 52.081656], [5.404252, 52.081655], [5.404251, 52.081653], [5.40425, 52.081652], [5.404249, 52.081648], [5.404247, 52.081645], [5.404246, 52.081644], [5.404245, 52.081642], [5.404245, 52.08164], [5.404244, 52.081639], [5.404243, 52.081637], [5.404243, 52.081635], [5.404242, 52.081633], [5.404241, 52.081631], [5.404241, 52.081629], [5.40424, 52.081627], [5.40424, 52.081625], [5.40424, 52.081622], [5.40424, 52.081619], [5.404331, 52.081503], [5.404422, 52.081388], [5.404434, 52.081359], [5.404447, 52.081331], [5.404459, 52.081301], [5.404478, 52.081266], [5.404479, 52.081264], [5.404507, 52.081227], [5.404535, 52.081189], [5.404563, 52.081152], [5.404591, 52.081115], [5.404607, 52.081091], [5.404624, 52.081067], [5.40464, 52.081043], [5.404657, 52.081019], [5.40467, 52.080997], [5.404683, 52.080974], [5.404696, 52.080952], [5.404709, 52.08093], [5.404726, 52.080899], [5.404743, 52.080868], [5.40476, 52.080837], [5.404777, 52.080806], [5.404798, 52.080805], [5.404818, 52.080803], [5.404855, 52.080714], [5.404891, 52.080626], [5.404902, 52.080598], [5.404914, 52.080571], [5.404926, 52.08054], [5.404939, 52.08051], [5.404951, 52.080479], [5.404964, 52.080448], [5.404989, 52.080374], [5.405014, 52.0803], [5.405039, 52.080226], [5.405064, 52.080152], [5.405083, 52.080094], [5.405101, 52.080035], [5.40512, 52.079976], [5.405139, 52.079918], [5.405142, 52.079906], [5.405146, 52.079894], [5.405159, 52.079859], [5.405172, 52.079824], [5.405184, 52.079789], [5.405197, 52.079753], [5.405215, 52.079703], [5.405233, 52.079653], [5.40525, 52.079603], [5.405268, 52.079553], [5.405276, 52.079552], [5.405284, 52.07955], [5.405291, 52.079518], [5.405298, 52.079482], [5.405319, 52.079419], [5.405339, 52.079356], [5.40536, 52.079292], [5.405381, 52.079229], [5.40539, 52.079208], [5.4054, 52.079187], [5.40541, 52.079166], [5.405419, 52.079145], [5.405438, 52.079103], [5.405458, 52.079061], [5.405477, 52.079019], [5.405496, 52.078977], [5.405524, 52.078926], [5.405553, 52.078875], [5.405581, 52.078824], [5.405609, 52.078773], [5.405613, 52.078767], [5.405616, 52.078761], [5.40562, 52.078755], [5.405623, 52.078749], [5.405627, 52.078741], [5.405632, 52.078734], [5.405679, 52.078674], [5.405726, 52.078614], [5.405774, 52.078555], [5.405821, 52.078495], [5.40591, 52.078405], [5.405999, 52.078315], [5.406003, 52.078311], [5.40602, 52.078295], [5.406042, 52.078273], [5.406044, 52.078271], [5.406048, 52.078268], [5.406056, 52.078261], [5.406072, 52.078248], [5.406103, 52.078222], [5.406167, 52.078169], [5.406169, 52.078167], [5.406171, 52.078166], [5.406175, 52.078162], [5.406182, 52.078156], [5.406198, 52.078143], [5.40623, 52.078116], [5.406294, 52.078063], [5.406296, 52.078062], [5.406298, 52.078061], [5.406302, 52.078058], [5.406312, 52.078052], [5.40633, 52.07804], [5.406367, 52.078016], [5.40644, 52.077969], [5.406442, 52.077968], [5.406444, 52.077966], [5.406449, 52.077963], [5.406458, 52.077957], [5.406476, 52.077946], [5.406513, 52.077922], [5.406587, 52.077874], [5.406589, 52.077873], [5.406591, 52.077872], [5.406596, 52.077869], [5.406606, 52.077864], [5.406625, 52.077854], [5.406664, 52.077833], [5.406742, 52.07779], [5.406744, 52.077789], [5.406746, 52.077788], [5.406751, 52.077785], [5.406761, 52.07778], [5.40678, 52.077769], [5.406819, 52.077748], [5.406898, 52.077706], [5.4069, 52.077705], [5.406902, 52.077703], [5.406907, 52.077701], [5.406918, 52.077696], [5.406939, 52.077687], [5.406982, 52.077668], [5.407068, 52.07763], [5.40707, 52.077629], [5.407073, 52.077628], [5.407078, 52.077626], [5.407089, 52.077621], [5.40711, 52.077612], [5.407153, 52.077593], [5.407238, 52.077555], [5.40724, 52.077554], [5.407244, 52.077553], [5.407249, 52.077551], [5.407261, 52.077547], [5.407284, 52.077539], [5.40733, 52.077523], [5.407422, 52.077492], [5.407424, 52.077491], [5.407427, 52.07749], [5.407433, 52.077488], [5.407444, 52.077484], [5.407467, 52.077476], [5.407513, 52.07746], [5.407605, 52.077429], [5.407607, 52.077428], [5.40761, 52.077427], [5.407616, 52.077425], [5.407628, 52.077422], [5.407652, 52.077416], [5.4077, 52.077403], [5.407796, 52.077376], [5.407798, 52.077376], [5.407801, 52.077375], [5.407807, 52.077373], [5.407819, 52.07737], [5.407843, 52.077364], [5.407891, 52.077351], [5.407987, 52.077325], [5.407989, 52.077324], [5.407993, 52.077323], [5.407999, 52.077322], [5.408011, 52.077319], [5.408036, 52.077314], [5.408086, 52.077304], [5.408185, 52.077284], [5.408188, 52.077283], [5.408191, 52.077282], [5.408197, 52.077281], [5.408209, 52.077279], [5.408234, 52.077274], [5.408284, 52.077263], [5.408385, 52.077243], [5.408389, 52.077242], [5.408396, 52.077241], [5.408408, 52.077239], [5.408434, 52.077235], [5.408485, 52.077227], [5.408587, 52.077212], [5.408589, 52.077211], [5.408593, 52.077211], [5.408599, 52.07721], [5.408612, 52.077208], [5.408637, 52.077204], [5.408688, 52.077196], [5.40879, 52.077181], [5.408792, 52.07718], [5.408796, 52.07718], [5.408802, 52.077179], [5.408815, 52.077177], [5.408841, 52.077173], [5.408892, 52.077166], [5.408994, 52.077151], [5.409198, 52.077122], [5.4092, 52.077122], [5.409204, 52.077121], [5.409211, 52.07712], [5.409223, 52.077118], [5.409249, 52.077115], [5.4093, 52.077107], [5.409402, 52.077092], [5.409607, 52.077063], [5.409609, 52.077063], [5.409613, 52.077062], [5.409619, 52.077061], [5.409632, 52.077059], [5.409658, 52.077056], [5.409709, 52.077049], [5.409811, 52.077034], [5.410016, 52.077005], [5.410018, 52.077005], [5.410022, 52.077004], [5.410028, 52.077003], [5.410041, 52.077002], [5.410066, 52.076998], [5.410117, 52.076991], [5.41022, 52.076976], [5.410425, 52.076947], [5.410427, 52.076947], [5.410429, 52.076947], [5.410435, 52.076946], [5.410445, 52.076945], [5.410466, 52.076943], [5.410508, 52.076939], [5.410591, 52.076931], [5.410758, 52.076914], [5.410925, 52.076897], [5.411092, 52.076881], [5.411048, 52.076784], [5.411005, 52.076687], [5.41102, 52.076685], [5.411036, 52.076683], [5.411044, 52.076682], [5.411052, 52.076681], [5.411059, 52.07668], [5.411067, 52.076679], [5.411115, 52.076661], [5.411163, 52.076643], [5.411164, 52.076642], [5.411168, 52.076639], [5.411171, 52.076636], [5.411174, 52.076633], [5.411178, 52.076629], [5.411181, 52.076626], [5.411183, 52.076623], [5.411186, 52.07662], [5.411188, 52.076617], [5.41119, 52.076614], [5.411193, 52.07661], [5.411194, 52.076606], [5.411196, 52.076602], [5.411201, 52.07659], [5.411205, 52.076578], [5.41121, 52.076568], [5.411215, 52.076558], [5.411222, 52.076547], [5.411229, 52.076536], [5.411236, 52.076528], [5.411242, 52.07652], [5.411248, 52.076513], [5.411255, 52.076506], [5.411261, 52.076499], [5.411268, 52.076493], [5.411287, 52.076476], [5.411211, 52.076308], [5.411135, 52.07614], [5.411113, 52.076144], [5.411091, 52.076148], [5.411068, 52.076152], [5.411046, 52.076156], [5.411038, 52.07614], [5.41103, 52.076124], [5.411021, 52.076107], [5.411013, 52.076091], [5.411006, 52.076076], [5.410998, 52.076061], [5.410991, 52.076047], [5.410983, 52.076032], [5.411005, 52.076028], [5.411027, 52.076023], [5.411049, 52.076019], [5.41107, 52.076014], [5.411056, 52.075981], [5.411018, 52.075894], [5.41098, 52.075807], [5.410942, 52.07572], [5.410903, 52.075633], [5.410898, 52.075634], [5.410866, 52.07556], [5.410834, 52.075486], [5.410802, 52.075412], [5.41077, 52.075338], [5.41073, 52.075246], [5.410691, 52.075154], [5.410651, 52.075061], [5.410611, 52.074969], [5.410616, 52.074968], [5.41063, 52.074965], [5.410627, 52.074959], [5.410625, 52.074956], [5.410623, 52.074952], [5.410616, 52.074937], [5.410608, 52.074921], [5.410601, 52.074906], [5.410593, 52.07489], [5.410591, 52.074886], [5.410589, 52.074882], [5.410585, 52.074874], [5.410615, 52.074868], [5.410646, 52.074862], [5.410676, 52.074856], [5.410707, 52.07485], [5.41066, 52.07474], [5.410614, 52.074629], [5.410568, 52.074518], [5.410521, 52.074407], [5.410521, 52.074405], [5.41052, 52.074403], [5.410519, 52.074402], [5.410518, 52.0744], [5.410506, 52.07437], [5.410493, 52.074339], [5.41048, 52.074309], [5.410468, 52.074278], [5.410445, 52.074223], [5.410422, 52.074168], [5.410398, 52.074113], [5.410375, 52.074058], [5.410334, 52.073959], [5.410293, 52.073861], [5.410252, 52.073762], [5.410211, 52.073664], [5.410175, 52.073577], [5.410139, 52.073491], [5.410103, 52.073404], [5.410067, 52.073318], [5.410074, 52.073317], [5.410082, 52.073315], [5.41009, 52.073314], [5.410097, 52.073313], [5.410063, 52.073235], [5.410029, 52.073156], [5.409995, 52.073077], [5.409961, 52.072999], [5.409953, 52.073], [5.409946, 52.073001], [5.409931, 52.073003], [5.409825, 52.07276], [5.40972, 52.072517], [5.409614, 52.072274], [5.409509, 52.07203], [5.409456, 52.071898], [5.409403, 52.071765], [5.40935, 52.071632], [5.409298, 52.071504], [5.409297, 52.071499], [5.409304, 52.071501], [5.409312, 52.071502], [5.409327, 52.071505], [5.409326, 52.0715], [5.409321, 52.071487], [5.409315, 52.071468], [5.409309, 52.07145], [5.409303, 52.071432], [5.409299, 52.071419], [5.409294, 52.071406], [5.40929, 52.071394], [5.409285, 52.071381], [5.409281, 52.07137], [5.409277, 52.071359], [5.409273, 52.071348], [5.409269, 52.071337], [5.409184, 52.071325], [5.4091, 52.071313], [5.409016, 52.071301], [5.408931, 52.071289], [5.40893, 52.071268], [5.408929, 52.071246], [5.408927, 52.071225], [5.408926, 52.071204], [5.408992, 52.071203], [5.409057, 52.071202], [5.409123, 52.071201], [5.409188, 52.0712], [5.409186, 52.071169], [5.409184, 52.071137], [5.409182, 52.071106], [5.40918, 52.071074], [5.409188, 52.070951], [5.409197, 52.070828], [5.409205, 52.070705], [5.409214, 52.070581], [5.409231, 52.070583], [5.409248, 52.070586], [5.409265, 52.070588], [5.409282, 52.07059], [5.409283, 52.070576], [5.409285, 52.070538], [5.409288, 52.070501], [5.40929, 52.070463], [5.409292, 52.070426], [5.409294, 52.070402], [5.409295, 52.070378], [5.409297, 52.070354], [5.409298, 52.07033], [5.409305, 52.070264], [5.409311, 52.070198], [5.409317, 52.070132], [5.409324, 52.070066], [5.409325, 52.07005], [5.409325, 52.070035], [5.409326, 52.07002], [5.409327, 52.070005], [5.409327, 52.070001], [5.409327, 52.069997], [5.409328, 52.069994], [5.409328, 52.06999], [5.409332, 52.069946], [5.409336, 52.069902], [5.409338, 52.069884], [5.40934, 52.069865], [5.409325, 52.069864], [5.409311, 52.069864], [5.409296, 52.069863], [5.409282, 52.069862], [5.409283, 52.069847], [5.409285, 52.069832], [5.409286, 52.069817], [5.409288, 52.069801], [5.409298, 52.069698], [5.409309, 52.069595], [5.409318, 52.0695], [5.409328, 52.069405], [5.409328, 52.069402], [5.409328, 52.069398], [5.409329, 52.069395], [5.409329, 52.069392], [5.409329, 52.069386], [5.40933, 52.06938], [5.409331, 52.069375], [5.409331, 52.069369], [5.409338, 52.069302], [5.409345, 52.069235], [5.409351, 52.069169], [5.409358, 52.069102], [5.409358, 52.069081], [5.409357, 52.06906], [5.409357, 52.069039], [5.409357, 52.069018], [5.409356, 52.069009], [5.409355, 52.069001], [5.409355, 52.068993], [5.409354, 52.068985], [5.409353, 52.068967], [5.409343, 52.068927], [5.409315, 52.068829], [5.409286, 52.068729], [5.409251, 52.068641], [5.409238, 52.068612], [5.409228, 52.068582], [5.409222, 52.068566], [5.409214, 52.068543], [5.409078, 52.068541], [5.409117, 52.068485], [5.408997, 52.068407], [5.408985, 52.068399], [5.40894, 52.068371], [5.40885, 52.068322], [5.408546, 52.068143], [5.407781, 52.067688], [5.407572, 52.067566], [5.407092, 52.067291], [5.406841, 52.067149], [5.406781, 52.067116], [5.406706, 52.067071], [5.406378, 52.066877], [5.40596, 52.066641], [5.405588, 52.066431], [5.405508, 52.066382], [5.405062, 52.066122], [5.404552, 52.065827], [5.40409, 52.065563], [5.403555, 52.065258], [5.403455, 52.065206], [5.403156, 52.065043], [5.402301, 52.064545], [5.401968, 52.064343], [5.401904, 52.064304], [5.401896, 52.064299], [5.401892, 52.0643], [5.401866, 52.06431], [5.401707, 52.064367], [5.400823, 52.064639], [5.400688, 52.064678], [5.400612, 52.0647], [5.400544, 52.064733], [5.40053, 52.064746], [5.400489, 52.064791], [5.400431, 52.064874], [5.400329, 52.065008], [5.400259, 52.065097], [5.400173, 52.06521], [5.400072, 52.065341], [5.39997, 52.065468], [5.399844, 52.065629], [5.399794, 52.065687], [5.399765, 52.065725], [5.399743, 52.065751], [5.399649, 52.065867], [5.399591, 52.065935], [5.399535, 52.066007], [5.399502, 52.066052], [5.399477, 52.066086], [5.399449, 52.066127], [5.39936, 52.066265], [5.399329, 52.066311], [5.399287, 52.066384], [5.399213, 52.066509], [5.399129, 52.066649], [5.399091, 52.066712], [5.398997, 52.066867], [5.398956, 52.066938], [5.39924, 52.067093], [5.39937, 52.067173], [5.399453, 52.067219], [5.399536, 52.067261], [5.399699, 52.067333], [5.399911, 52.067428], [5.400117, 52.067517], [5.400112, 52.067522], [5.400312, 52.067615], [5.40048, 52.067687], [5.400483, 52.067685], [5.4005, 52.067693], [5.400734, 52.067794], [5.400735, 52.067795], [5.400792, 52.06782], [5.400816, 52.067832], [5.400726, 52.067929], [5.400348, 52.068345], [5.40018, 52.068521], [5.39986, 52.068855], [5.399675, 52.069064], [5.399555, 52.069191], [5.399537, 52.069211], [5.399747, 52.069277], [5.399894, 52.069318], [5.400359, 52.069469], [5.400373, 52.069473], [5.400888, 52.069632], [5.401391, 52.069795], [5.401407, 52.069801], [5.401501, 52.069828], [5.401649, 52.069873], [5.402229, 52.070054], [5.402576, 52.07016], [5.402702, 52.070197], [5.402703, 52.070197], [5.402807, 52.070228], [5.40291, 52.070259], [5.403353, 52.07039], [5.403411, 52.070408], [5.403604, 52.070466], [5.404042, 52.070595], [5.404416, 52.070707], [5.404627, 52.070776], [5.404666, 52.070786], [5.40468, 52.07079], [5.404695, 52.070794], [5.404837, 52.070839], [5.405003, 52.070889], [5.405115, 52.070923], [5.405227, 52.070958], [5.405313, 52.070984], [5.405365, 52.071], [5.405334, 52.071041], [5.405319, 52.071066], [5.405096, 52.071519], [5.405092, 52.071527], [5.405092, 52.071527], [5.404806, 52.072034], [5.404799, 52.072048], [5.40555, 52.072218], [5.406125, 52.072351], [5.406319, 52.072394], [5.406842, 52.072523], [5.406945, 52.072548], [5.407061, 52.072577], [5.407003, 52.072692], [5.406866, 52.072978], [5.406734, 52.073247], [5.406671, 52.073388], [5.406536, 52.073672], [5.406434, 52.073882], [5.40632, 52.07412], [5.406241, 52.074289], [5.406177, 52.074428], [5.406151, 52.074477], [5.406013, 52.074805], [5.405988, 52.074922], [5.405966, 52.074996], [5.405897, 52.07521], [5.405894, 52.075221], [5.405772, 52.075247], [5.405234, 52.075348], [5.404203, 52.075548], [5.403642, 52.075655], [5.403503, 52.075679], [5.402575, 52.07554], [5.402149, 52.075464], [5.401753, 52.0754], [5.401478, 52.075352], [5.401221, 52.075308], [5.400843, 52.075242], [5.400349, 52.075157], [5.399891, 52.075077], [5.399556, 52.07502], [5.399311, 52.074975], [5.399024, 52.074925], [5.398772, 52.074882], [5.398663, 52.074865], [5.398631, 52.074862], [5.398599, 52.07486], [5.398567, 52.074859], [5.398535, 52.074858], [5.398503, 52.074858], [5.398407, 52.074857], [5.398244, 52.074857], [5.39819, 52.074856], [5.39811, 52.07485], [5.398034, 52.074843], [5.397776, 52.074827], [5.397669, 52.074818], [5.39754, 52.07481], [5.397526, 52.074809], [5.397513, 52.074809], [5.397499, 52.074809], [5.397486, 52.07481], [5.397473, 52.074811], [5.39746, 52.074813], [5.397447, 52.074816], [5.397375, 52.074836], [5.397263, 52.074864], [5.397146, 52.074899], [5.396908, 52.074962], [5.396573, 52.075021], [5.396019, 52.075081], [5.395915, 52.075084], [5.395742, 52.07508], [5.395637, 52.07507], [5.395481, 52.07506], [5.39537, 52.075048], [5.39509, 52.075021], [5.394939, 52.075005], [5.394821, 52.074997], [5.394788, 52.074996], [5.394755, 52.074994], [5.394721, 52.074992], [5.394688, 52.07499], [5.394655, 52.074986], [5.394622, 52.074982], [5.394589, 52.074977], [5.394507, 52.074965], [5.394133, 52.074914], [5.394017, 52.074904], [5.39368, 52.074855], [5.393193, 52.074786], [5.392895, 52.074749], [5.392465, 52.07469], [5.392374, 52.074675], [5.392305, 52.074639], [5.392278, 52.07463], [5.392232, 52.074624], [5.391847, 52.074593], [5.391831, 52.07459], [5.391814, 52.074588], [5.391798, 52.074587], [5.391781, 52.074586], [5.391764, 52.074585], [5.391747, 52.074586], [5.39173, 52.074587], [5.39172, 52.074589], [5.391694, 52.074594], [5.391667, 52.074597], [5.391652, 52.074598], [5.391619, 52.074595], [5.39156, 52.074589], [5.391456, 52.074578], [5.391449, 52.074577], [5.391442, 52.074587], [5.391427, 52.074605], [5.391336, 52.07472], [5.391326, 52.074733], [5.391309, 52.074755], [5.391301, 52.074764], [5.391274, 52.074799], [5.391237, 52.074849], [5.39117, 52.074943], [5.391145, 52.074979], [5.391121, 52.075008], [5.391106, 52.075025], [5.39109, 52.075042], [5.391074, 52.075059], [5.391056, 52.075075], [5.391037, 52.07509], [5.390961, 52.075129], [5.390623, 52.075286], [5.390401, 52.075379], [5.390328, 52.075412], [5.390247, 52.075449], [5.390135, 52.075501], [5.390059, 52.07554], [5.389987, 52.075575], [5.389909, 52.07562], [5.389884, 52.075635], [5.389822, 52.075669], [5.389164, 52.075339], [5.388996, 52.075256], [5.388341, 52.074932], [5.388341, 52.074932], [5.388305, 52.074992], [5.388133, 52.075283], [5.388017, 52.075458], [5.387842, 52.075716], [5.387775, 52.075773], [5.387766, 52.07578], [5.387594, 52.075913], [5.387444, 52.076011], [5.387335, 52.076098], [5.387219, 52.076186], [5.38712, 52.076291], [5.386902, 52.07649], [5.386819, 52.076563], [5.386741, 52.076632], [5.386586, 52.076749], [5.386474, 52.076845], [5.386318, 52.076969], [5.386156, 52.077096], [5.385974, 52.077228], [5.385808, 52.077346], [5.385682, 52.077445], [5.385651, 52.07747], [5.385603, 52.077504], [5.385601, 52.077505], [5.385511, 52.077568], [5.385492, 52.077582], [5.385003, 52.077927], [5.384769, 52.0781], [5.384527, 52.078269], [5.384357, 52.078296], [5.384229, 52.078315], [5.384211, 52.078318], [5.38401, 52.078336], [5.383937, 52.078343], [5.383885, 52.078347], [5.383684, 52.078357], [5.383446, 52.078373], [5.383209, 52.078381], [5.383022, 52.078386], [5.382839, 52.078386], [5.382664, 52.078387], [5.382551, 52.078386], [5.382434, 52.078381], [5.382257, 52.078374], [5.382102, 52.078367], [5.382034, 52.078368], [5.381935, 52.07837], [5.381718, 52.078376], [5.381638, 52.078378], [5.381574, 52.078383], [5.381293, 52.078401], [5.38126, 52.078404], [5.381228, 52.078409], [5.381196, 52.078414], [5.381164, 52.07842], [5.381133, 52.078426], [5.381102, 52.078433], [5.380967, 52.078469], [5.380886, 52.078483], [5.380773, 52.078502], [5.380735, 52.078508], [5.380289, 52.078584], [5.380278, 52.078586], [5.380192, 52.078599], [5.379964, 52.078639], [5.379845, 52.078652], [5.37971, 52.078656], [5.379645, 52.078661], [5.3796, 52.078665], [5.379593, 52.078666], [5.379567, 52.078668], [5.379491, 52.078675], [5.379287, 52.078698], [5.378443, 52.078793], [5.377004, 52.078954], [5.376138, 52.079047], [5.375238, 52.079145], [5.37468, 52.07921], [5.373131, 52.079379], [5.371073, 52.079608], [5.368843, 52.079854], [5.368025, 52.079943], [5.367421, 52.080015], [5.366512, 52.080113], [5.366394, 52.080126], [5.365959, 52.080173], [5.365746, 52.080195], [5.365473, 52.080227], [5.364867, 52.080292], [5.364001, 52.080391], [5.363483, 52.080445], [5.362612, 52.080542], [5.361751, 52.080639], [5.360609, 52.08076], [5.360479, 52.080773], [5.36046, 52.080775], [5.360087, 52.080814], [5.360011, 52.080822], [5.359443, 52.08088], [5.359408, 52.080884], [5.359012, 52.080923], [5.357878, 52.081051], [5.356372, 52.081222], [5.356243, 52.081236], [5.356078, 52.081255], [5.354649, 52.081418], [5.354082, 52.081482], [5.352282, 52.081684], [5.35136, 52.081791], [5.351283, 52.0818], [5.349016, 52.082063], [5.34897, 52.082068], [5.348935, 52.082072], [5.348274, 52.082151], [5.346172, 52.082415], [5.346044, 52.082432], [5.345973, 52.082441], [5.345829, 52.08246], [5.345788, 52.082465], [5.345151, 52.082547], [5.344916, 52.082577], [5.344639, 52.082613], [5.344565, 52.082622], [5.344526, 52.082627], [5.343729, 52.082725], [5.343621, 52.082738], [5.3435, 52.082753], [5.343389, 52.082766], [5.343103, 52.082802], [5.342748, 52.082846], [5.342702, 52.082852], [5.342613, 52.082863], [5.342123, 52.082924], [5.341789, 52.082966], [5.340761, 52.083094], [5.339384, 52.083269], [5.338515, 52.083375], [5.337406, 52.083515], [5.33628, 52.083659], [5.335147, 52.083803], [5.334233, 52.083917], [5.332251, 52.084164], [5.331991, 52.084287], [5.331164, 52.084715], [5.330608, 52.085005], [5.330152, 52.085241], [5.330082, 52.085277], [5.330066, 52.085285], [5.32995, 52.085345], [5.329904, 52.085369], [5.329788, 52.085429], [5.32919, 52.085736], [5.328832, 52.08592], [5.32811, 52.086227], [5.32747, 52.086493], [5.326925, 52.08673], [5.326529, 52.086859], [5.325319, 52.087261], [5.325031, 52.087356], [5.324683, 52.087472], [5.324493, 52.087535], [5.324, 52.087698], [5.323568, 52.08784], [5.323527, 52.087852], [5.323304, 52.087921], [5.323212, 52.08795], [5.323155, 52.087967], [5.323008, 52.088013], [5.321967, 52.088337], [5.32191, 52.088355], [5.321271, 52.088554], [5.320713, 52.088728], [5.320051, 52.088931], [5.319725, 52.089032], [5.319644, 52.089057], [5.319089, 52.089228], [5.318368, 52.089451], [5.318183, 52.089508], [5.31691, 52.089936], [5.316219, 52.090165], [5.316037, 52.090225], [5.315251, 52.090485], [5.315096, 52.090536], [5.314206, 52.090833], [5.313699, 52.091002], [5.312807, 52.0913], [5.311284, 52.091805], [5.311031, 52.091889], [5.31091, 52.091929], [5.310824, 52.091957], [5.310729, 52.091989], [5.310683, 52.092004], [5.310425, 52.092089], [5.310326, 52.092122], [5.310169, 52.092175], [5.310074, 52.092207], [5.309837, 52.092287], [5.309811, 52.092295], [5.30973, 52.092322], [5.30936, 52.092444], [5.308953, 52.092593], [5.307547, 52.093093], [5.30669, 52.093405], [5.306623, 52.09343], [5.306512, 52.09347], [5.306418, 52.093504], [5.30629, 52.09355], [5.306069, 52.093629], [5.305891, 52.093693], [5.30549, 52.09384], [5.304391, 52.094241], [5.302985, 52.09475], [5.302917, 52.094775], [5.302791, 52.09482], [5.302032, 52.095093], [5.301317, 52.09535], [5.300456, 52.095659], [5.300277, 52.095724], [5.300153, 52.095769], [5.299979, 52.095831], [5.2983, 52.096446], [5.298374, 52.096476], [5.298398, 52.096481], [5.298523, 52.096518], [5.298535, 52.096521], [5.298934, 52.09661], [5.298948, 52.096613], [5.299476, 52.096731], [5.299498, 52.096736], [5.299548, 52.09675], [5.299611, 52.09677], [5.299699, 52.096793], [5.299804, 52.096818], [5.29996, 52.096853], [5.300075, 52.096879], [5.30033, 52.096932], [5.300465, 52.096962], [5.300615, 52.096996], [5.300794, 52.097036], [5.301046, 52.097091], [5.301195, 52.097122], [5.301383, 52.097157], [5.30152, 52.097184], [5.301889, 52.097265], [5.302202, 52.097339], [5.302477, 52.097403], [5.302751, 52.097464], [5.303039, 52.097531], [5.303368, 52.097607], [5.303711, 52.097685], [5.304069, 52.097766], [5.304341, 52.097828], [5.304598, 52.097888], [5.304885, 52.097953], [5.305176, 52.098023], [5.30561, 52.098123], [5.306129, 52.098239], [5.30663, 52.098351], [5.307051, 52.09844], [5.307348, 52.098501], [5.307504, 52.098535], [5.307602, 52.098557], [5.307691, 52.098576], [5.312139, 52.099578], [5.317246, 52.100728], [5.322462, 52.101901], [5.324083, 52.101015]]]]}}, {"type": "Feature", "properties": {"buurtcode": "BU03510010", "buurtnaam": "Geerestein", "wijkcode": "WK035100", "gemeentecode": "GM0351", "gemeentenaam": "Woudenberg", "indelingswijzigingWijkenEnBuurten": 1, "water": "NEE", "meestVoorkomendePostcode": "3931", "dekkingspercentage": 1, "omgevingsadressendichtheid": 328, "stedelijkheidAdressenPerKm2": 5, "bevolkingsdichtheidInwonersPerKm2": 39, "aantalInwoners": 165, "mannen": 80, "vrouwen": 85, "percentagePersonen0Tot15Jaar": 15, "percentagePersonen15Tot25Jaar": 17, "percentagePersonen25Tot45Jaar": 11, "percentagePersonen45Tot65Jaar": 33, "percentagePersonen65JaarEnOuder": 25, "percentageOngehuwd": 42, "percentageGehuwd": 50, "percentageGescheid": -99997, "percentageVerweduwd": 5, "aantalHuishoudens": 55, "percentageEenpersoonshuishoudens": 21, "percentageHuishoudensZonderKinderen": 36, "percentageHuishoudensMetKinderen": 43, "gemiddeldeHuishoudsgrootte": 3.0, "percentageMetHerkomstlandNederland": 95, "percentageMetHerkomstlandUitEuropaExclNl": 0, "percentageMetHerkomstlandBuitenEuropa": -99997, "percentageGebInNlMetHerkomstlandNederland": 95, "percGebInNlMetHerkomstlandInEuropaExNl": 0, "percGebInNlMetHerkomstlandBuitenEuropa": 0, "percGebBuitenNlMetHerkomstlndInEuropaExNl": 0, "percGebBuitenNlMetHerkomstlndBuitenEuropa": 0, "oppervlakteTotaalInHa": 432, "oppervlakteLandInHa": 427, "oppervlakteWaterInHa": 5, "jrstatcode": "2025BU03510010", "jaar": 2025}, "bbox": [5.4007103420865885, 52.08242804202502, 5.451372496661614, 52.10410672677597], "geometry": {"type": "MultiPolygon", "coordinates": [[[[5.40483, 52.104004], [5.405497, 52.103829], [5.405574, 52.103809], [5.405728, 52.103787], [5.40604, 52.103735], [5.406091, 52.10373], [5.406129, 52.103717], [5.406318, 52.103642], [5.406466, 52.103566], [5.406608, 52.103483], [5.406718, 52.103407], [5.4069, 52.103287], [5.407125, 52.103113], [5.407385, 52.103017], [5.407712, 52.103026], [5.407826, 52.103041], [5.408609, 52.103134], [5.409403, 52.103234], [5.409604, 52.103256], [5.409919, 52.103295], [5.410158, 52.103264], [5.410258, 52.103207], [5.410323, 52.103169], [5.410455, 52.103087], [5.410595, 52.102987], [5.410697, 52.10292], [5.410839, 52.102833], [5.411056, 52.102691], [5.41118, 52.102594], [5.411296, 52.102479], [5.411404, 52.102355], [5.411518, 52.102231], [5.411643, 52.102124], [5.411723, 52.102063], [5.411849, 52.101982], [5.411958, 52.101917], [5.41201, 52.101886], [5.412056, 52.101864], [5.412257, 52.101748], [5.412404, 52.101665], [5.412497, 52.101604], [5.412811, 52.101409], [5.412964, 52.101312], [5.413063, 52.101255], [5.413094, 52.101246], [5.413371, 52.101076], [5.413411, 52.10105], [5.413507, 52.100997], [5.41364, 52.100922], [5.414243, 52.100562], [5.414355, 52.100485], [5.414376, 52.10048], [5.414394, 52.100472], [5.414413, 52.100463], [5.414533, 52.100384], [5.414579, 52.100357], [5.414888, 52.10018], [5.41495, 52.100141], [5.415001, 52.100116], [5.415051, 52.100096], [5.415089, 52.100082], [5.41516, 52.100062], [5.415301, 52.100029], [5.415418, 52.100003], [5.415527, 52.099974], [5.415633, 52.099939], [5.41578, 52.099884], [5.415882, 52.099844], [5.416008, 52.099802], [5.416211, 52.099739], [5.416398, 52.09968], [5.416449, 52.099665], [5.416463, 52.099658], [5.416594, 52.099616], [5.416861, 52.099527], [5.417025, 52.099473], [5.417086, 52.099452], [5.417172, 52.099422], [5.417177, 52.099427], [5.417233, 52.099408], [5.417263, 52.099412], [5.417282, 52.099413], [5.417307, 52.099407], [5.417382, 52.09938], [5.417522, 52.099332], [5.417609, 52.099289], [5.417745, 52.099223], [5.417891, 52.099141], [5.418081, 52.099029], [5.418252, 52.098922], [5.418332, 52.09887], [5.418369, 52.098851], [5.418453, 52.098806], [5.418522, 52.098772], [5.418586, 52.098745], [5.418686, 52.098704], [5.418849, 52.098644], [5.4191, 52.098555], [5.419413, 52.098457], [5.419543, 52.098419], [5.419605, 52.098402], [5.41967, 52.098384], [5.41975, 52.098354], [5.419821, 52.098324], [5.419911, 52.09828], [5.419985, 52.098232], [5.420054, 52.098205], [5.420134, 52.098179], [5.42019, 52.098163], [5.420215, 52.098149], [5.420238, 52.098131], [5.420259, 52.09811], [5.420287, 52.098059], [5.420342, 52.097962], [5.420388, 52.09784], [5.420427, 52.097708], [5.420449, 52.09761], [5.420443, 52.097484], [5.420436, 52.097304], [5.420454, 52.097262], [5.420506, 52.097212], [5.420578, 52.097147], [5.420665, 52.097089], [5.4208, 52.097024], [5.420837, 52.097], [5.420869, 52.096979], [5.42093, 52.096947], [5.420975, 52.096924], [5.42104, 52.096902], [5.421301, 52.096849], [5.421359, 52.096841], [5.421412, 52.096825], [5.42152, 52.096802], [5.421618, 52.096781], [5.421696, 52.096752], [5.421882, 52.096693], [5.421981, 52.096655], [5.422007, 52.096651], [5.422076, 52.096652], [5.422197, 52.096656], [5.422332, 52.096665], [5.422489, 52.096684], [5.42269, 52.096701], [5.422856, 52.096721], [5.422974, 52.096747], [5.422976, 52.096746], [5.423125, 52.096761], [5.423293, 52.096782], [5.423437, 52.096791], [5.423524, 52.096791], [5.423596, 52.096787], [5.423736, 52.096772], [5.423879, 52.096745], [5.424039, 52.09672], [5.424102, 52.09671], [5.424116, 52.096708], [5.424111, 52.09669], [5.424137, 52.096681], [5.424258, 52.096648], [5.424395, 52.096623], [5.42443, 52.096624], [5.42446, 52.096636], [5.424499, 52.096665], [5.424535, 52.096739], [5.424524, 52.096807], [5.424538, 52.096885], [5.424549, 52.096919], [5.424579, 52.096958], [5.424626, 52.097001], [5.424703, 52.097027], [5.424769, 52.097044], [5.424856, 52.097055], [5.424951, 52.097054], [5.425025, 52.097048], [5.425087, 52.097036], [5.425149, 52.09701], [5.425238, 52.096972], [5.425295, 52.096943], [5.425355, 52.096907], [5.425371, 52.096891], [5.425401, 52.096849], [5.425537, 52.096612], [5.425602, 52.096544], [5.425665, 52.096504], [5.425756, 52.096471], [5.425881, 52.096429], [5.426037, 52.096397], [5.426195, 52.096373], [5.426363, 52.096346], [5.426853, 52.096308], [5.426938, 52.096304], [5.427077, 52.096293], [5.427234, 52.096286], [5.427422, 52.09628], [5.427616, 52.096281], [5.427804, 52.096291], [5.428017, 52.096307], [5.428155, 52.096327], [5.428271, 52.096357], [5.428325, 52.096373], [5.428365, 52.096395], [5.428505, 52.096436], [5.428564, 52.096443], [5.428607, 52.096444], [5.428661, 52.096435], [5.428704, 52.096422], [5.428767, 52.096398], [5.428827, 52.096371], [5.428929, 52.096273], [5.429061, 52.096079], [5.429134, 52.095995], [5.429169, 52.09596], [5.429215, 52.09594], [5.429281, 52.095926], [5.429325, 52.095922], [5.429402, 52.095915], [5.429494, 52.095911], [5.429566, 52.09591], [5.429629, 52.095911], [5.429676, 52.095918], [5.429751, 52.095933], [5.429964, 52.096], [5.430181, 52.096095], [5.430311, 52.096154], [5.430466, 52.096226], [5.430545, 52.096244], [5.430641, 52.096257], [5.430715, 52.096255], [5.430923, 52.096215], [5.431004, 52.096206], [5.431074, 52.09621], [5.431202, 52.096239], [5.431339, 52.09629], [5.431384, 52.096304], [5.431441, 52.096323], [5.431517, 52.096359], [5.431613, 52.096419], [5.431743, 52.096512], [5.431904, 52.09663], [5.432026, 52.09671], [5.432097, 52.096737], [5.432187, 52.096754], [5.432244, 52.096756], [5.432295, 52.096761], [5.432322, 52.096768], [5.432347, 52.096776], [5.432355, 52.09678], [5.432362, 52.096791], [5.432377, 52.096809], [5.432382, 52.096822], [5.432381, 52.096849], [5.432354, 52.096932], [5.432267, 52.097178], [5.432221, 52.0973], [5.432199, 52.097369], [5.432194, 52.097469], [5.432185, 52.097522], [5.432183, 52.097571], [5.432197, 52.097698], [5.432207, 52.097874], [5.432223, 52.097934], [5.432254, 52.097981], [5.432272, 52.097997], [5.432299, 52.098013], [5.432344, 52.098026], [5.43242, 52.098036], [5.432514, 52.098044], [5.432608, 52.098049], [5.432795, 52.098055], [5.432955, 52.098054], [5.433047, 52.098045], [5.433254, 52.098029], [5.433441, 52.098027], [5.433566, 52.098032], [5.433633, 52.098045], [5.433746, 52.098069], [5.43382, 52.097986], [5.433939, 52.09786], [5.434098, 52.09778], [5.434288, 52.097804], [5.434592, 52.097933], [5.434655, 52.097992], [5.434706, 52.098049], [5.434837, 52.098209], [5.434908, 52.09831], [5.434913, 52.098318], [5.43494, 52.098367], [5.43497, 52.098431], [5.435043, 52.098586], [5.435289, 52.09874], [5.435472, 52.098848], [5.435658, 52.098895], [5.435726, 52.098913], [5.435758, 52.098891], [5.435789, 52.098869], [5.435759, 52.09886], [5.435729, 52.098852], [5.435989, 52.09868], [5.436249, 52.098508], [5.436447, 52.098377], [5.436645, 52.098246], [5.436762, 52.098174], [5.436879, 52.098102], [5.437033, 52.098008], [5.437186, 52.097914], [5.437503, 52.097724], [5.43782, 52.097535], [5.438084, 52.097378], [5.438347, 52.097221], [5.438647, 52.097043], [5.438946, 52.096865], [5.439052, 52.096802], [5.439159, 52.096739], [5.439318, 52.096645], [5.439477, 52.096551], [5.439641, 52.096453], [5.439806, 52.096354], [5.440121, 52.096158], [5.440436, 52.095961], [5.441041, 52.095583], [5.441646, 52.095205], [5.441986, 52.094993], [5.442327, 52.094782], [5.442596, 52.094621], [5.442864, 52.09446], [5.442991, 52.09438], [5.443117, 52.0943], [5.443167, 52.094258], [5.443216, 52.094215], [5.443256, 52.09418], [5.443296, 52.094144], [5.443368, 52.094048], [5.44344, 52.093951], [5.443493, 52.093835], [5.443545, 52.09372], [5.443601, 52.093445], [5.443657, 52.093169], [5.443667, 52.093133], [5.443676, 52.093096], [5.443684, 52.093075], [5.443692, 52.093053], [5.44375, 52.092755], [5.443807, 52.092458], [5.44386, 52.09236], [5.443912, 52.092261], [5.443917, 52.092252], [5.443923, 52.092243], [5.44394, 52.092213], [5.443957, 52.092182], [5.444054, 52.092065], [5.44415, 52.091947], [5.444318, 52.091814], [5.444486, 52.091682], [5.444825, 52.091477], [5.445164, 52.091271], [5.445293, 52.09121], [5.445422, 52.091148], [5.445496, 52.091115], [5.44557, 52.091082], [5.445587, 52.091074], [5.445604, 52.091067], [5.445711, 52.091021], [5.445818, 52.090976], [5.445956, 52.090922], [5.446094, 52.090867], [5.446209, 52.090823], [5.446324, 52.090778], [5.446544, 52.090699], [5.446765, 52.09062], [5.446807, 52.090605], [5.446849, 52.09059], [5.447082, 52.090507], [5.447314, 52.090423], [5.447645, 52.090313], [5.447976, 52.090203], [5.448189, 52.090134], [5.448403, 52.090066], [5.448429, 52.090053], [5.448456, 52.090039], [5.44847, 52.09003], [5.448501, 52.090027], [5.448521, 52.090033], [5.44854, 52.090039], [5.448563, 52.090046], [5.448679, 52.090012], [5.448794, 52.089978], [5.448911, 52.089945], [5.449029, 52.089911], [5.449145, 52.089876], [5.449262, 52.08984], [5.449373, 52.089808], [5.449484, 52.089776], [5.449618, 52.089736], [5.449752, 52.089696], [5.449778, 52.089682], [5.449804, 52.089669], [5.449821, 52.089683], [5.44984, 52.089674], [5.44986, 52.089665], [5.449851, 52.089657], [5.449885, 52.089628], [5.449927, 52.089606], [5.449903, 52.089599], [5.449878, 52.089591], [5.449904, 52.089552], [5.44993, 52.089513], [5.450054, 52.089451], [5.450178, 52.089389], [5.450246, 52.089357], [5.450313, 52.089325], [5.450356, 52.089297], [5.450398, 52.08927], [5.450479, 52.089216], [5.45056, 52.089163], [5.450605, 52.089133], [5.45065, 52.089103], [5.450687, 52.089076], [5.450724, 52.089049], [5.450749, 52.089028], [5.450774, 52.089007], [5.450955, 52.08883], [5.451135, 52.088654], [5.451198, 52.08856], [5.451262, 52.088466], [5.451288, 52.088425], [5.451314, 52.088383], [5.451326, 52.088349], [5.451338, 52.088315], [5.451345, 52.08828], [5.451351, 52.088244], [5.451357, 52.088181], [5.451362, 52.088117], [5.451366, 52.088009], [5.45137, 52.0879], [5.451371, 52.087823], [5.451372, 52.087745], [5.451372, 52.087707], [5.451372, 52.08767], [5.45114, 52.087745], [5.450836, 52.087844], [5.450532, 52.087943], [5.450271, 52.088042], [5.448464, 52.088684], [5.446657, 52.089326], [5.446648, 52.089316], [5.446638, 52.089306], [5.446629, 52.089296], [5.44662, 52.089286], [5.44659, 52.089254], [5.44656, 52.089222], [5.44653, 52.08919], [5.4465, 52.089158], [5.446469, 52.089126], [5.446439, 52.089094], [5.446409, 52.089062], [5.446379, 52.08903], [5.446351, 52.088999], [5.446322, 52.088969], [5.446293, 52.088938], [5.446265, 52.088907], [5.446236, 52.088877], [5.446207, 52.088846], [5.446178, 52.088815], [5.44615, 52.088785], [5.446119, 52.088752], [5.446089, 52.08872], [5.446059, 52.088687], [5.446028, 52.088654], [5.445998, 52.088622], [5.445967, 52.088589], [5.445937, 52.088556], [5.445898, 52.088515], [5.445882, 52.088497], [5.445865, 52.088479], [5.445849, 52.088462], [5.445833, 52.088444], [5.445821, 52.088431], [5.445808, 52.088418], [5.445787, 52.088395], [5.445766, 52.088372], [5.445745, 52.088348], [5.445723, 52.088325], [5.445702, 52.088302], [5.445681, 52.088279], [5.445659, 52.088256], [5.445638, 52.088233], [5.445622, 52.088216], [5.445607, 52.088199], [5.445591, 52.088182], [5.445566, 52.088168], [5.445547, 52.088173], [5.445529, 52.088178], [5.44551, 52.088183], [5.445492, 52.088188], [5.445473, 52.088193], [5.445455, 52.088198], [5.445437, 52.088203], [5.445418, 52.088208], [5.445353, 52.088177], [5.445287, 52.088146], [5.445222, 52.088114], [5.445157, 52.088083], [5.445091, 52.088052], [5.445026, 52.08802], [5.444961, 52.087989], [5.444895, 52.087958], [5.444872, 52.087947], [5.444848, 52.087936], [5.444825, 52.087926], [5.444802, 52.087915], [5.444779, 52.087902], [5.444757, 52.087889], [5.444735, 52.087876], [5.444712, 52.087863], [5.44469, 52.087851], [5.444668, 52.087838], [5.444645, 52.087825], [5.444618, 52.087809], [5.444602, 52.087801], [5.444576, 52.087788], [5.44455, 52.087775], [5.444522, 52.087761], [5.444493, 52.087746], [5.444465, 52.087732], [5.444448, 52.087714], [5.444427, 52.087703], [5.444405, 52.087692], [5.444384, 52.087682], [5.444362, 52.087671], [5.444341, 52.08766], [5.444319, 52.087649], [5.444297, 52.087638], [5.444272, 52.087623], [5.44426, 52.08761], [5.444249, 52.087597], [5.444245, 52.087587], [5.444244, 52.087577], [5.444231, 52.087572], [5.444218, 52.087586], [5.444205, 52.087601], [5.444192, 52.087615], [5.444177, 52.087607], [5.444162, 52.087599], [5.444147, 52.087591], [5.444132, 52.087583], [5.444117, 52.087575], [5.444102, 52.087567], [5.444087, 52.087559], [5.444072, 52.087551], [5.443983, 52.087496], [5.443894, 52.087442], [5.443805, 52.087387], [5.443716, 52.087332], [5.443711, 52.087329], [5.443707, 52.087327], [5.443702, 52.087325], [5.443697, 52.087322], [5.443692, 52.08732], [5.443688, 52.087317], [5.443683, 52.087315], [5.443678, 52.087312], [5.443666, 52.0873], [5.443653, 52.087288], [5.443641, 52.087276], [5.443628, 52.087264], [5.443616, 52.087252], [5.443603, 52.08724], [5.443591, 52.087228], [5.443578, 52.087216], [5.443569, 52.087207], [5.44356, 52.087198], [5.443551, 52.08719], [5.443542, 52.087181], [5.443533, 52.087172], [5.443524, 52.087163], [5.443515, 52.087155], [5.443506, 52.087146], [5.443491, 52.087131], [5.443476, 52.087117], [5.443461, 52.087103], [5.443446, 52.087088], [5.443431, 52.087074], [5.443416, 52.08706], [5.443401, 52.087045], [5.443386, 52.087031], [5.443372, 52.087018], [5.443358, 52.087006], [5.443345, 52.086994], [5.443331, 52.086981], [5.443317, 52.086969], [5.443304, 52.086957], [5.44329, 52.086944], [5.443277, 52.086932], [5.443268, 52.086922], [5.443259, 52.086913], [5.44325, 52.086903], [5.443241, 52.086894], [5.443232, 52.086884], [5.443223, 52.086875], [5.443214, 52.086865], [5.443205, 52.086856], [5.443196, 52.086846], [5.443188, 52.086837], [5.443179, 52.086827], [5.44317, 52.086817], [5.443162, 52.086808], [5.443153, 52.086798], [5.443145, 52.086789], [5.443136, 52.086779], [5.443129, 52.08677], [5.443121, 52.086761], [5.443114, 52.086752], [5.443107, 52.086742], [5.443099, 52.086733], [5.443092, 52.086724], [5.443084, 52.086715], [5.443077, 52.086706], [5.44307, 52.086698], [5.443063, 52.086689], [5.443057, 52.086681], [5.44305, 52.086673], [5.443043, 52.086665], [5.443036, 52.086656], [5.443029, 52.086648], [5.443022, 52.08664], [5.443019, 52.086635], [5.443015, 52.086629], [5.443011, 52.086624], [5.443008, 52.086619], [5.443004, 52.086613], [5.443, 52.086608], [5.442997, 52.086603], [5.442993, 52.086598], [5.442989, 52.086593], [5.442985, 52.086589], [5.442981, 52.086584], [5.442977, 52.086579], [5.442973, 52.086575], [5.44297, 52.08657], [5.442966, 52.086566], [5.442962, 52.086561], [5.44296, 52.086558], [5.442957, 52.086555], [5.442955, 52.086553], [5.442953, 52.08655], [5.442943, 52.086538], [5.44294, 52.086539], [5.442937, 52.08654], [5.442935, 52.08654], [5.442919, 52.086521], [5.442904, 52.086501], [5.442889, 52.086481], [5.442873, 52.086462], [5.442858, 52.086442], [5.442843, 52.086422], [5.442828, 52.086403], [5.442812, 52.086383], [5.442808, 52.086377], [5.442804, 52.086371], [5.4428, 52.086366], [5.442796, 52.08636], [5.442792, 52.086354], [5.442788, 52.086348], [5.442784, 52.086343], [5.44278, 52.086337], [5.442772, 52.086327], [5.442764, 52.086316], [5.442757, 52.086306], [5.442749, 52.086295], [5.442741, 52.086285], [5.442734, 52.086275], [5.442726, 52.086264], [5.442718, 52.086254], [5.442722, 52.086253], [5.442726, 52.086251], [5.44273, 52.08625], [5.442734, 52.086249], [5.442729, 52.086242], [5.442723, 52.086235], [5.442718, 52.086229], [5.442713, 52.086222], [5.442708, 52.086215], [5.442703, 52.086209], [5.442698, 52.086202], [5.442693, 52.086195], [5.442688, 52.086188], [5.442684, 52.086181], [5.44268, 52.086174], [5.442676, 52.086167], [5.442671, 52.08616], [5.442667, 52.086153], [5.442663, 52.086146], [5.442659, 52.086139], [5.442654, 52.086132], [5.44265, 52.086125], [5.442645, 52.086118], [5.442641, 52.086112], [5.442636, 52.086105], [5.442632, 52.086098], [5.442627, 52.086092], [5.442623, 52.086085], [5.442615, 52.086074], [5.442606, 52.086063], [5.442598, 52.086052], [5.44259, 52.086041], [5.442582, 52.086031], [5.442573, 52.08602], [5.442565, 52.086009], [5.442557, 52.085998], [5.442547, 52.085985], [5.442537, 52.085972], [5.442528, 52.085958], [5.442518, 52.085945], [5.442509, 52.085932], [5.442499, 52.085919], [5.442489, 52.085906], [5.44248, 52.085892], [5.442472, 52.08588], [5.442465, 52.085868], [5.442457, 52.085856], [5.44245, 52.085844], [5.442442, 52.085832], [5.442435, 52.08582], [5.442428, 52.085808], [5.44242, 52.085796], [5.442413, 52.08579], [5.442406, 52.085783], [5.442399, 52.085777], [5.442392, 52.085771], [5.442385, 52.085764], [5.442378, 52.085758], [5.44237, 52.085751], [5.442363, 52.085745], [5.442358, 52.085741], [5.442353, 52.085737], [5.442348, 52.085733], [5.442343, 52.08573], [5.442337, 52.085726], [5.442332, 52.085722], [5.442327, 52.085718], [5.442322, 52.085714], [5.442316, 52.085711], [5.442311, 52.085708], [5.442306, 52.085705], [5.442301, 52.085702], [5.442296, 52.085699], [5.44229, 52.085696], [5.442285, 52.085693], [5.44228, 52.08569], [5.442272, 52.085687], [5.442265, 52.085683], [5.442258, 52.08568], [5.44225, 52.085677], [5.442243, 52.085674], [5.442235, 52.08567], [5.442228, 52.085667], [5.44222, 52.085664], [5.442213, 52.085662], [5.442205, 52.08566], [5.442198, 52.085658], [5.442191, 52.085657], [5.442183, 52.085655], [5.442176, 52.085653], [5.442168, 52.085651], [5.442161, 52.085649], [5.442157, 52.085649], [5.442153, 52.085649], [5.44215, 52.085648], [5.442146, 52.085648], [5.442142, 52.085647], [5.442138, 52.085647], [5.442135, 52.085647], [5.442131, 52.085646], [5.44211, 52.085644], [5.442089, 52.085642], [5.442068, 52.08564], [5.442047, 52.085638], [5.442026, 52.085636], [5.442006, 52.085634], [5.441985, 52.085633], [5.441964, 52.085631], [5.441951, 52.08563], [5.441938, 52.085629], [5.441925, 52.085628], [5.441912, 52.085627], [5.441899, 52.085626], [5.441886, 52.085625], [5.441874, 52.085624], [5.441861, 52.085623], [5.441855, 52.085622], [5.44185, 52.085621], [5.441845, 52.085621], [5.44184, 52.08562], [5.441835, 52.08562], [5.44183, 52.085619], [5.441824, 52.085619], [5.441819, 52.085618], [5.441813, 52.085617], [5.441806, 52.085616], [5.4418, 52.085616], [5.441794, 52.085615], [5.441788, 52.085614], [5.441781, 52.085613], [5.441775, 52.085612], [5.441769, 52.085611], [5.44176, 52.08561], [5.441751, 52.085608], [5.441742, 52.085607], [5.441733, 52.085605], [5.441724, 52.085604], [5.441715, 52.085603], [5.441706, 52.085601], [5.441697, 52.0856], [5.441687, 52.085598], [5.441677, 52.085596], [5.441667, 52.085594], [5.441657, 52.085592], [5.441647, 52.085591], [5.441637, 52.085589], [5.441627, 52.085587], [5.441617, 52.085585], [5.441606, 52.085583], [5.441596, 52.08558], [5.441585, 52.085578], [5.441575, 52.085576], [5.441564, 52.085573], [5.441554, 52.085571], [5.441543, 52.085568], [5.441533, 52.085566], [5.441515, 52.085562], [5.441497, 52.085558], [5.441479, 52.085555], [5.441461, 52.085551], [5.441443, 52.085547], [5.441426, 52.085543], [5.441408, 52.085539], [5.44139, 52.085536], [5.441372, 52.085532], [5.441354, 52.085528], [5.441337, 52.085524], [5.441319, 52.08552], [5.441301, 52.085516], [5.441283, 52.085512], [5.441265, 52.085509], [5.441248, 52.085505], [5.441218, 52.085499], [5.441189, 52.085492], [5.441159, 52.085486], [5.441129, 52.08548], [5.4411, 52.085473], [5.44107, 52.085467], [5.441041, 52.085461], [5.441011, 52.085455], [5.440993, 52.08545], [5.440975, 52.085446], [5.440966, 52.085444], [5.440956, 52.085442], [5.440947, 52.085439], [5.440938, 52.085437], [5.440929, 52.085436], [5.44092, 52.085434], [5.44091, 52.085433], [5.440901, 52.085431], [5.440892, 52.08543], [5.440883, 52.085429], [5.440874, 52.085427], [5.440865, 52.085426], [5.440837, 52.085421], [5.44081, 52.085416], [5.440782, 52.085411], [5.440755, 52.085406], [5.440728, 52.085401], [5.4407, 52.085396], [5.440673, 52.085392], [5.440645, 52.085387], [5.440611, 52.085381], [5.440577, 52.085375], [5.440542, 52.085369], [5.440508, 52.085363], [5.440473, 52.085358], [5.440439, 52.085352], [5.440404, 52.085346], [5.44037, 52.08534], [5.440337, 52.085335], [5.440303, 52.085329], [5.44027, 52.085323], [5.440237, 52.085318], [5.440204, 52.085312], [5.44017, 52.085307], [5.440137, 52.085301], [5.440104, 52.085296], [5.440073, 52.085291], [5.440042, 52.085286], [5.440011, 52.085281], [5.43998, 52.085276], [5.439949, 52.085271], [5.439918, 52.085266], [5.439887, 52.085261], [5.439856, 52.085256], [5.43984, 52.085254], [5.439824, 52.085251], [5.439808, 52.085248], [5.439792, 52.085245], [5.439777, 52.085243], [5.439761, 52.08524], [5.439745, 52.085237], [5.439729, 52.085234], [5.439694, 52.085229], [5.439659, 52.085223], [5.439624, 52.085217], [5.439588, 52.085212], [5.439553, 52.085206], [5.439518, 52.0852], [5.439483, 52.085194], [5.439448, 52.085189], [5.439413, 52.085183], [5.439379, 52.085177], [5.439345, 52.085171], [5.43931, 52.085165], [5.439276, 52.085159], [5.439242, 52.085153], [5.439207, 52.085147], [5.439173, 52.085141], [5.439155, 52.085138], [5.439137, 52.085135], [5.439119, 52.085132], [5.439101, 52.085129], [5.439084, 52.085125], [5.439066, 52.085122], [5.439048, 52.085119], [5.43903, 52.085116], [5.439024, 52.085115], [5.439018, 52.085113], [5.439012, 52.085112], [5.439006, 52.085111], [5.439, 52.08511], [5.438994, 52.085108], [5.438988, 52.085107], [5.438982, 52.085106], [5.438978, 52.085105], [5.438974, 52.085104], [5.43897, 52.085102], [5.438965, 52.085101], [5.438961, 52.0851], [5.438957, 52.085099], [5.438953, 52.085098], [5.438948, 52.085097], [5.438943, 52.085095], [5.438937, 52.085094], [5.438931, 52.085092], [5.438926, 52.085091], [5.43892, 52.085089], [5.438914, 52.085087], [5.438909, 52.085086], [5.438903, 52.085084], [5.438894, 52.085082], [5.438884, 52.08508], [5.438875, 52.085077], [5.438866, 52.085075], [5.438856, 52.085072], [5.438847, 52.08507], [5.438838, 52.085068], [5.438828, 52.085065], [5.438816, 52.08506], [5.438803, 52.085054], [5.438791, 52.085049], [5.438778, 52.085044], [5.438766, 52.085038], [5.438753, 52.085033], [5.438741, 52.085028], [5.438729, 52.085022], [5.438722, 52.085019], [5.438715, 52.085015], [5.438709, 52.085012], [5.438702, 52.085008], [5.438695, 52.085005], [5.438689, 52.085001], [5.438682, 52.084998], [5.438675, 52.084995], [5.438665, 52.084989], [5.438655, 52.084984], [5.438644, 52.084979], [5.438634, 52.084974], [5.438623, 52.084968], [5.438613, 52.084963], [5.438602, 52.084958], [5.438592, 52.084953], [5.438583, 52.084946], [5.438574, 52.08494], [5.438565, 52.084934], [5.438556, 52.084928], [5.438547, 52.084921], [5.438538, 52.084915], [5.438529, 52.084909], [5.438521, 52.084903], [5.438512, 52.084896], [5.438504, 52.08489], [5.438496, 52.084883], [5.438489, 52.084877], [5.438481, 52.08487], [5.438473, 52.084864], [5.438465, 52.084857], [5.438457, 52.084851], [5.438451, 52.084845], [5.438445, 52.08484], [5.43844, 52.084835], [5.438434, 52.08483], [5.438429, 52.084824], [5.438423, 52.084819], [5.438417, 52.084814], [5.438412, 52.084808], [5.438407, 52.084803], [5.438402, 52.084797], [5.438397, 52.084791], [5.438392, 52.084785], [5.438388, 52.084779], [5.438383, 52.084773], [5.438378, 52.084767], [5.438373, 52.084761], [5.43837, 52.084756], [5.438366, 52.084751], [5.438363, 52.084746], [5.438359, 52.08474], [5.438356, 52.084735], [5.438352, 52.08473], [5.438349, 52.084725], [5.438345, 52.08472], [5.438342, 52.084714], [5.438338, 52.084707], [5.438335, 52.084701], [5.438332, 52.084695], [5.438328, 52.084689], [5.438325, 52.084683], [5.438322, 52.084676], [5.438318, 52.08467], [5.438316, 52.084666], [5.438314, 52.084661], [5.438312, 52.084657], [5.43831, 52.084652], [5.438308, 52.084647], [5.438306, 52.084643], [5.438304, 52.084638], [5.438302, 52.084634], [5.4383, 52.08463], [5.438298, 52.084625], [5.438297, 52.084621], [5.438295, 52.084617], [5.438294, 52.084613], [5.438292, 52.084608], [5.438291, 52.084604], [5.438289, 52.0846], [5.438288, 52.084595], [5.438287, 52.084591], [5.438286, 52.084586], [5.438285, 52.084582], [5.438285, 52.084577], [5.438284, 52.084573], [5.438283, 52.084568], [5.438282, 52.084564], [5.438281, 52.084556], [5.43828, 52.084549], [5.43828, 52.084541], [5.438279, 52.084533], [5.438278, 52.084526], [5.438277, 52.084518], [5.438276, 52.08451], [5.438275, 52.084503], [5.438276, 52.084494], [5.438276, 52.084486], [5.438276, 52.084477], [5.438277, 52.084469], [5.438277, 52.08446], [5.438277, 52.084452], [5.438278, 52.084443], [5.438278, 52.084435], [5.438279, 52.084427], [5.438279, 52.084419], [5.43828, 52.084411], [5.43828, 52.084403], [5.438281, 52.084395], [5.438281, 52.084387], [5.438282, 52.084379], [5.438282, 52.084372], [5.438285, 52.084358], [5.438287, 52.084345], [5.438289, 52.084332], [5.438292, 52.084319], [5.438294, 52.084306], [5.438296, 52.084292], [5.438299, 52.084279], [5.438301, 52.084266], [5.438304, 52.084253], [5.438306, 52.084239], [5.438309, 52.084226], [5.438312, 52.084212], [5.438315, 52.084199], [5.438317, 52.084186], [5.43832, 52.084172], [5.438323, 52.084159], [5.438327, 52.084145], [5.43833, 52.084131], [5.438334, 52.084117], [5.438338, 52.084104], [5.438341, 52.08409], [5.438345, 52.084076], [5.438349, 52.084062], [5.438352, 52.084048], [5.438354, 52.084043], [5.438355, 52.084038], [5.438356, 52.084033], [5.438357, 52.084028], [5.438358, 52.084023], [5.438359, 52.084018], [5.43836, 52.084013], [5.438361, 52.084008], [5.438363, 52.084003], [5.438365, 52.083998], [5.438367, 52.083993], [5.438369, 52.083987], [5.438371, 52.083982], [5.438373, 52.083977], [5.438375, 52.083972], [5.438377, 52.083967], [5.438379, 52.083963], [5.43838, 52.083958], [5.438382, 52.083954], [5.438384, 52.083949], [5.438386, 52.083945], [5.438388, 52.08394], [5.43839, 52.083936], [5.438392, 52.083932], [5.438396, 52.083925], [5.438399, 52.083919], [5.438402, 52.083913], [5.438405, 52.083906], [5.438409, 52.0839], [5.438412, 52.083894], [5.438415, 52.083888], [5.438419, 52.083881], [5.438423, 52.083872], [5.438428, 52.083862], [5.438432, 52.083853], [5.438437, 52.083843], [5.438441, 52.083834], [5.438446, 52.083824], [5.43845, 52.083815], [5.438455, 52.083805], [5.438458, 52.083797], [5.438461, 52.083789], [5.438464, 52.083781], [5.438467, 52.083773], [5.43847, 52.083765], [5.438473, 52.083757], [5.438475, 52.083749], [5.438478, 52.083742], [5.438481, 52.083733], [5.438484, 52.083725], [5.438487, 52.083717], [5.43849, 52.083708], [5.438493, 52.0837], [5.438496, 52.083692], [5.438499, 52.083683], [5.438502, 52.083675], [5.438504, 52.083667], [5.438505, 52.083658], [5.438506, 52.08365], [5.438508, 52.083642], [5.438509, 52.083633], [5.43851, 52.083625], [5.438512, 52.083617], [5.438513, 52.083608], [5.438514, 52.083602], [5.438515, 52.083595], [5.438515, 52.083588], [5.438516, 52.083581], [5.438517, 52.083575], [5.438517, 52.083568], [5.438518, 52.083561], [5.438519, 52.083555], [5.438518, 52.083547], [5.438518, 52.083539], [5.438517, 52.08353], [5.438517, 52.083522], [5.438517, 52.083514], [5.438516, 52.083506], [5.438516, 52.083498], [5.438515, 52.08349], [5.438514, 52.08348], [5.438513, 52.08347], [5.438512, 52.08346], [5.438511, 52.08345], [5.43851, 52.08344], [5.438508, 52.083431], [5.438507, 52.083421], [5.438506, 52.083411], [5.438504, 52.083394], [5.438501, 52.083378], [5.438499, 52.083361], [5.438496, 52.083345], [5.438494, 52.083329], [5.438491, 52.083312], [5.438489, 52.083296], [5.438486, 52.083279], [5.438486, 52.083277], [5.438485, 52.083274], [5.438485, 52.083271], [5.438485, 52.083268], [5.438484, 52.083266], [5.438484, 52.083263], [5.438484, 52.08326], [5.438484, 52.083257], [5.438482, 52.083248], [5.438481, 52.083239], [5.43848, 52.083229], [5.438479, 52.08322], [5.438478, 52.08321], [5.438477, 52.083201], [5.438476, 52.083192], [5.438475, 52.083182], [5.438474, 52.083169], [5.438473, 52.083155], [5.438473, 52.083142], [5.438472, 52.083128], [5.438471, 52.083114], [5.43847, 52.083101], [5.43847, 52.083087], [5.438469, 52.083074], [5.438469, 52.08306], [5.438469, 52.083046], [5.438469, 52.083033], [5.438468, 52.083019], [5.438468, 52.083005], [5.438468, 52.082991], [5.438468, 52.082978], [5.438468, 52.082964], [5.438466, 52.082958], [5.438464, 52.082953], [5.438462, 52.082948], [5.43846, 52.082942], [5.438458, 52.082937], [5.438456, 52.082931], [5.438454, 52.082926], [5.438453, 52.08292], [5.438453, 52.082918], [5.438452, 52.082916], [5.438452, 52.082914], [5.438452, 52.082913], [5.438452, 52.08288], [5.438451, 52.082847], [5.43845, 52.082815], [5.43845, 52.082782], [5.438449, 52.08275], [5.438449, 52.082717], [5.438448, 52.082685], [5.438447, 52.082652], [5.438446, 52.082616], [5.438445, 52.082579], [5.438444, 52.082543], [5.438442, 52.082507], [5.438439, 52.082445], [5.438438, 52.082428], [5.43826, 52.082442], [5.438078, 52.082458], [5.437896, 52.082474], [5.437617, 52.082496], [5.437337, 52.082518], [5.437203, 52.082527], [5.437068, 52.082537], [5.436952, 52.082545], [5.436835, 52.082554], [5.436833, 52.082598], [5.436832, 52.082643], [5.436816, 52.082753], [5.4368, 52.082862], [5.436781, 52.082961], [5.436762, 52.08306], [5.436766, 52.083076], [5.43677, 52.083093], [5.4365, 52.083134], [5.43623, 52.083176], [5.435959, 52.083217], [5.435689, 52.083259], [5.435573, 52.083276], [5.435457, 52.083294], [5.435342, 52.083312], [5.435226, 52.083329], [5.435223, 52.083312], [5.43522, 52.083294], [5.435217, 52.083276], [5.435213, 52.083259], [5.435207, 52.083226], [5.435201, 52.083193], [5.435194, 52.083151], [5.435186, 52.083108], [5.435178, 52.083066], [5.43517, 52.083024], [5.435165, 52.082995], [5.43516, 52.082967], [5.435155, 52.082939], [5.43515, 52.08291], [5.435079, 52.082921], [5.435007, 52.082932], [5.434935, 52.082944], [5.434863, 52.082955], [5.434604, 52.082994], [5.434345, 52.083033], [5.434086, 52.083072], [5.433827, 52.083111], [5.433711, 52.083129], [5.433594, 52.083147], [5.433477, 52.083165], [5.433361, 52.083183], [5.433321, 52.083188], [5.433282, 52.083194], [5.433242, 52.0832], [5.433203, 52.083206], [5.433179, 52.083211], [5.433156, 52.083216], [5.433132, 52.08322], [5.433108, 52.083225], [5.433081, 52.08323], [5.433054, 52.083234], [5.433027, 52.083239], [5.433001, 52.083244], [5.432942, 52.083252], [5.432883, 52.08326], [5.432863, 52.083262], [5.432844, 52.083265], [5.432773, 52.083276], [5.432701, 52.083288], [5.43263, 52.083299], [5.432559, 52.08331], [5.432517, 52.083316], [5.432474, 52.083322], [5.432431, 52.083329], [5.432388, 52.083335], [5.432296, 52.083348], [5.432204, 52.083361], [5.432112, 52.083375], [5.432021, 52.083388], [5.431907, 52.083405], [5.431794, 52.083423], [5.431681, 52.083441], [5.431568, 52.083458], [5.431419, 52.08348], [5.431269, 52.083501], [5.43112, 52.083523], [5.430971, 52.083544], [5.43086, 52.08356], [5.43075, 52.083576], [5.43056, 52.083604], [5.43037, 52.083632], [5.430256, 52.083648], [5.430142, 52.083665], [5.430066, 52.083676], [5.429991, 52.083687], [5.429907, 52.083701], [5.429823, 52.083714], [5.429739, 52.083728], [5.429656, 52.083742], [5.429589, 52.083752], [5.429522, 52.083761], [5.429455, 52.083771], [5.429388, 52.083781], [5.429354, 52.083785], [5.42932, 52.083789], [5.429286, 52.083794], [5.429252, 52.083798], [5.429037, 52.083832], [5.428821, 52.083866], [5.428606, 52.083901], [5.428391, 52.083935], [5.42832, 52.083945], [5.428249, 52.083955], [5.428178, 52.083965], [5.428108, 52.083975], [5.428138, 52.084045], [5.428168, 52.084115], [5.428197, 52.084185], [5.428227, 52.084255], [5.428239, 52.084284], [5.42825, 52.084314], [5.428261, 52.084343], [5.428272, 52.084373], [5.428117, 52.084396], [5.427962, 52.084419], [5.427807, 52.084441], [5.427652, 52.084464], [5.427254, 52.084523], [5.426855, 52.084582], [5.426463, 52.08464], [5.426071, 52.084697], [5.425904, 52.084723], [5.425738, 52.084748], [5.425572, 52.084774], [5.425406, 52.084799], [5.425365, 52.084703], [5.425324, 52.084606], [5.425242, 52.084413], [5.425135, 52.08443], [5.425028, 52.084446], [5.424921, 52.084463], [5.424814, 52.084479], [5.424707, 52.084496], [5.4246, 52.084512], [5.424493, 52.084529], [5.424378, 52.084546], [5.424358, 52.08455], [5.424338, 52.084553], [5.424316, 52.084556], [5.424294, 52.084559], [5.424266, 52.084564], [5.424237, 52.084568], [5.424209, 52.084573], [5.424181, 52.084577], [5.424152, 52.084581], [5.424124, 52.084586], [5.424095, 52.08459], [5.424067, 52.084594], [5.424018, 52.084602], [5.423969, 52.084609], [5.423921, 52.084617], [5.423872, 52.084624], [5.423823, 52.084632], [5.423774, 52.084639], [5.423726, 52.084646], [5.423677, 52.084654], [5.42361, 52.084664], [5.423543, 52.084674], [5.423476, 52.084684], [5.423409, 52.084695], [5.423342, 52.084705], [5.423275, 52.084715], [5.423208, 52.084725], [5.42313, 52.084737], [5.423098, 52.084745], [5.423066, 52.084753], [5.423034, 52.08476], [5.423002, 52.084768], [5.423031, 52.084804], [5.423059, 52.08484], [5.423087, 52.084877], [5.423116, 52.084913], [5.423144, 52.084949], [5.423173, 52.084985], [5.423201, 52.085022], [5.423229, 52.085058], [5.423238, 52.085072], [5.423246, 52.085087], [5.423255, 52.085102], [5.423263, 52.085116], [5.423272, 52.085131], [5.42328, 52.085145], [5.423289, 52.08516], [5.423297, 52.085175], [5.423214, 52.085187], [5.423131, 52.0852], [5.423048, 52.085213], [5.422965, 52.085226], [5.422882, 52.085238], [5.422799, 52.085251], [5.422716, 52.085264], [5.422633, 52.085276], [5.422518, 52.085294], [5.422403, 52.085312], [5.422288, 52.08533], [5.422173, 52.085347], [5.422058, 52.085365], [5.421943, 52.085383], [5.421828, 52.0854], [5.421713, 52.085418], [5.421645, 52.085428], [5.421577, 52.085438], [5.42151, 52.085448], [5.421442, 52.085458], [5.421374, 52.085468], [5.421307, 52.085479], [5.421239, 52.085489], [5.421171, 52.085499], [5.420942, 52.085533], [5.420714, 52.085566], [5.420485, 52.0856], [5.420257, 52.085634], [5.420239, 52.085637], [5.420222, 52.085639], [5.420204, 52.085642], [5.420187, 52.085644], [5.420062, 52.085663], [5.419937, 52.085682], [5.419811, 52.0857], [5.419686, 52.085719], [5.419561, 52.085738], [5.419436, 52.085757], [5.419311, 52.085775], [5.419186, 52.085794], [5.419034, 52.085817], [5.418882, 52.085841], [5.41873, 52.085864], [5.418578, 52.085887], [5.418426, 52.085911], [5.418274, 52.085934], [5.418122, 52.085957], [5.41797, 52.085981], [5.417827, 52.086003], [5.417684, 52.086025], [5.417541, 52.086047], [5.417397, 52.086069], [5.417347, 52.086077], [5.417297, 52.086085], [5.417246, 52.086093], [5.417196, 52.086101], [5.417202, 52.086118], [5.417207, 52.086135], [5.417213, 52.086153], [5.417219, 52.08617], [5.417233, 52.086212], [5.417246, 52.086254], [5.41726, 52.086296], [5.417286, 52.086337], [5.417299, 52.086336], [5.417306, 52.086357], [5.417313, 52.086379], [5.41732, 52.086401], [5.417328, 52.086423], [5.41731, 52.086425], [5.417293, 52.086427], [5.417275, 52.086429], [5.41726, 52.086439], [5.417263, 52.086446], [5.417239, 52.08645], [5.417215, 52.086453], [5.417191, 52.086456], [5.417168, 52.086459], [5.417115, 52.086466], [5.417062, 52.086474], [5.41701, 52.086481], [5.416957, 52.086488], [5.416906, 52.086497], [5.416855, 52.086506], [5.416803, 52.086515], [5.416752, 52.086523], [5.416701, 52.086532], [5.416649, 52.086541], [5.416598, 52.08655], [5.416547, 52.086559], [5.416531, 52.086562], [5.416515, 52.086565], [5.416499, 52.086567], [5.416483, 52.08657], [5.416474, 52.086551], [5.416465, 52.086532], [5.416457, 52.086512], [5.416448, 52.086493], [5.416439, 52.086473], [5.416431, 52.086454], [5.416422, 52.086435], [5.416413, 52.086415], [5.416406, 52.086399], [5.416398, 52.086383], [5.416391, 52.086366], [5.416383, 52.08635], [5.416377, 52.086335], [5.41637, 52.08632], [5.416363, 52.086306], [5.416357, 52.086291], [5.41635, 52.086277], [5.416343, 52.086262], [5.416337, 52.086247], [5.41633, 52.086233], [5.416325, 52.086222], [5.41632, 52.08621], [5.416316, 52.086199], [5.416311, 52.086188], [5.416306, 52.086177], [5.416301, 52.086166], [5.416296, 52.086154], [5.416291, 52.086143], [5.416287, 52.086133], [5.416282, 52.086122], [5.416278, 52.086112], [5.416274, 52.086102], [5.416148, 52.086128], [5.416022, 52.086154], [5.415991, 52.08616], [5.41596, 52.086167], [5.415928, 52.086173], [5.415896, 52.08618], [5.415864, 52.086187], [5.415832, 52.086193], [5.415754, 52.086209], [5.415675, 52.086224], [5.415596, 52.08624], [5.415517, 52.086256], [5.415493, 52.086261], [5.415469, 52.086266], [5.415445, 52.086272], [5.415421, 52.086277], [5.415414, 52.086278], [5.415407, 52.086279], [5.415401, 52.086279], [5.415394, 52.08628], [5.415342, 52.08629], [5.415291, 52.0863], [5.415239, 52.08631], [5.415187, 52.086319], [5.415151, 52.086328], [5.415115, 52.086337], [5.415078, 52.086346], [5.415042, 52.086354], [5.415015, 52.086361], [5.414989, 52.086367], [5.414962, 52.086374], [5.414936, 52.08638], [5.414918, 52.086384], [5.414901, 52.086387], [5.414883, 52.086391], [5.414866, 52.086395], [5.414847, 52.086397], [5.414829, 52.0864], [5.41481, 52.086403], [5.414792, 52.086405], [5.41477, 52.08641], [5.414749, 52.086415], [5.414728, 52.086419], [5.414707, 52.086424], [5.414677, 52.08643], [5.414648, 52.086437], [5.414618, 52.086444], [5.414588, 52.08645], [5.414521, 52.086465], [5.414453, 52.086479], [5.414386, 52.086493], [5.414319, 52.086508], [5.414235, 52.086525], [5.414152, 52.086542], [5.414069, 52.086559], [5.413986, 52.086577], [5.413895, 52.086595], [5.413805, 52.086614], [5.413714, 52.086633], [5.413623, 52.086651], [5.413592, 52.086658], [5.413561, 52.086665], [5.41353, 52.086671], [5.4135, 52.086678], [5.413492, 52.08668], [5.413484, 52.086683], [5.413476, 52.086685], [5.413468, 52.086687], [5.413462, 52.086688], [5.413456, 52.086689], [5.413451, 52.08669], [5.413445, 52.086691], [5.413439, 52.086692], [5.413432, 52.086693], [5.413426, 52.086694], [5.413419, 52.086695], [5.413347, 52.086709], [5.413275, 52.086724], [5.413202, 52.086738], [5.41313, 52.086753], [5.41307, 52.086766], [5.413009, 52.086779], [5.412949, 52.086792], [5.412889, 52.086806], [5.412873, 52.086808], [5.412857, 52.08681], [5.412842, 52.086813], [5.412826, 52.086815], [5.412816, 52.086817], [5.412807, 52.086819], [5.412797, 52.086821], [5.412787, 52.086823], [5.412739, 52.086833], [5.412692, 52.086844], [5.412644, 52.086855], [5.412597, 52.086866], [5.41257, 52.086871], [5.412543, 52.086876], [5.412516, 52.086881], [5.412489, 52.086887], [5.412484, 52.086888], [5.412479, 52.086889], [5.412427, 52.086901], [5.412375, 52.086914], [5.412324, 52.086926], [5.412272, 52.086938], [5.412205, 52.086952], [5.412139, 52.086966], [5.412072, 52.086979], [5.412006, 52.086993], [5.411878, 52.08702], [5.411751, 52.087047], [5.411623, 52.087073], [5.411496, 52.0871], [5.411376, 52.087124], [5.411256, 52.087149], [5.411136, 52.087173], [5.411016, 52.087197], [5.410879, 52.087226], [5.410742, 52.087255], [5.410606, 52.087284], [5.410469, 52.087313], [5.410402, 52.087327], [5.410336, 52.08734], [5.410269, 52.087354], [5.410203, 52.087368], [5.410135, 52.087381], [5.410067, 52.087393], [5.41, 52.087406], [5.409932, 52.087419], [5.409918, 52.087422], [5.409904, 52.087425], [5.409876, 52.087432], [5.409825, 52.087442], [5.409761, 52.087456], [5.409522, 52.087507], [5.409284, 52.087559], [5.409153, 52.087587], [5.409022, 52.087615], [5.408994, 52.087621], [5.408966, 52.087626], [5.408946, 52.087631], [5.408925, 52.087637], [5.408906, 52.087641], [5.408887, 52.087646], [5.408653, 52.087696], [5.408419, 52.087746], [5.408384, 52.087753], [5.40835, 52.087761], [5.4081, 52.087815], [5.40785, 52.087869], [5.40772, 52.087895], [5.40759, 52.087921], [5.407441, 52.087955], [5.407292, 52.087989], [5.407224, 52.088004], [5.407155, 52.08802], [5.407112, 52.088028], [5.407069, 52.088037], [5.406983, 52.088052], [5.406896, 52.088068], [5.406777, 52.088092], [5.406657, 52.088117], [5.406521, 52.088147], [5.406386, 52.088177], [5.40629, 52.088197], [5.406195, 52.088217], [5.406107, 52.088236], [5.406019, 52.088254], [5.405929, 52.088273], [5.405839, 52.088291], [5.405736, 52.088312], [5.405634, 52.088332], [5.405526, 52.088356], [5.405419, 52.08838], [5.405305, 52.088407], [5.40519, 52.088434], [5.405104, 52.088452], [5.405017, 52.088469], [5.404891, 52.088494], [5.404764, 52.08852], [5.404581, 52.088557], [5.404398, 52.088594], [5.404221, 52.088631], [5.404044, 52.088667], [5.403921, 52.088691], [5.403799, 52.088715], [5.403675, 52.088741], [5.40355, 52.088768], [5.403452, 52.088789], [5.403354, 52.088809], [5.403224, 52.088836], [5.403094, 52.088863], [5.402954, 52.088894], [5.402814, 52.088925], [5.402634, 52.088963], [5.402453, 52.089002], [5.40228, 52.089039], [5.402106, 52.089075], [5.40195, 52.089108], [5.401794, 52.089142], [5.401785, 52.089144], [5.401775, 52.089146], [5.401674, 52.089167], [5.401572, 52.089187], [5.401532, 52.089195], [5.401493, 52.089203], [5.401425, 52.089217], [5.401356, 52.089231], [5.40135, 52.089258], [5.401344, 52.089282], [5.401344, 52.089285], [5.401338, 52.089309], [5.401332, 52.089334], [5.40133, 52.089344], [5.401323, 52.089461], [5.401303, 52.089531], [5.40125, 52.089714], [5.401207, 52.089831], [5.401153, 52.089999], [5.401033, 52.09038], [5.400967, 52.090582], [5.400899, 52.090784], [5.400844, 52.090963], [5.400786, 52.091154], [5.400753, 52.091263], [5.400727, 52.091333], [5.40071, 52.091418], [5.40071, 52.091482], [5.400746, 52.091709], [5.400781, 52.091879], [5.400814, 52.092], [5.40089, 52.09224], [5.401029, 52.092693], [5.40107, 52.092816], [5.401096, 52.092908], [5.401326, 52.093628], [5.401609, 52.094576], [5.401796, 52.095194], [5.401827, 52.0953], [5.401932, 52.095633], [5.402022, 52.095941], [5.40203, 52.095967], [5.402118, 52.096262], [5.402231, 52.09661], [5.402315, 52.096903], [5.402417, 52.097239], [5.402512, 52.097571], [5.402607, 52.09786], [5.402692, 52.098161], [5.4028, 52.098527], [5.402907, 52.098876], [5.402997, 52.099156], [5.403072, 52.099428], [5.403195, 52.099809], [5.403288, 52.100141], [5.40343, 52.100601], [5.403501, 52.100837], [5.403592, 52.101115], [5.403632, 52.101244], [5.403786, 52.101704], [5.403926, 52.102136], [5.404036, 52.102469], [5.40414, 52.102821], [5.404213, 52.103091], [5.404248, 52.103213], [5.404353, 52.103585], [5.404399, 52.103778], [5.40442, 52.103872], [5.404421, 52.103877], [5.404425, 52.103894], [5.404454, 52.103975], [5.404521, 52.104107], [5.40483, 52.104004]]]]}}, {"type": "Feature", "properties": {"buurtcode": "BU03510011", "buurtnaam": "Voskuilen", "wijkcode": "WK035100", "gemeentecode": "GM0351", "gemeentenaam": "Woudenberg", "indelingswijzigingWijkenEnBuurten": 1, "water": "NEE", "meestVoorkomendePostcode": "3931", "dekkingspercentage": 1, "omgevingsadressendichtheid": 35, "stedelijkheidAdressenPerKm2": 5, "bevolkingsdichtheidInwonersPerKm2": 33, "aantalInwoners": 230, "mannen": 115, "vrouwen": 110, "percentagePersonen0Tot15Jaar": 12, "percentagePersonen15Tot25Jaar": 18, "percentagePersonen25Tot45Jaar": 16, "percentagePersonen45Tot65Jaar": 33, "percentagePersonen65JaarEnOuder": 21, "percentageOngehuwd": 44, "percentageGehuwd": 46, "percentageGescheid": 6, "percentageVerweduwd": 4, "aantalHuishoudens": 80, "percentageEenpersoonshuishoudens": 21, "percentageHuishoudensZonderKinderen": 37, "percentageHuishoudensMetKinderen": 42, "gemiddeldeHuishoudsgrootte": 2.8, "percentageMetHerkomstlandNederland": 95, "percentageMetHerkomstlandUitEuropaExclNl": 0, "percentageMetHerkomstlandBuitenEuropa": 5, "percentageGebInNlMetHerkomstlandNederland": 95, "percGebInNlMetHerkomstlandInEuropaExNl": 0, "percGebInNlMetHerkomstlandBuitenEuropa": 5, "percGebBuitenNlMetHerkomstlndInEuropaExNl": 0, "percGebBuitenNlMetHerkomstlndBuitenEuropa": 0, "oppervlakteTotaalInHa": 692, "oppervlakteLandInHa": 687, "oppervlakteWaterInHa": 5, "jrstatcode": "2025BU03510011", "jaar": 2025}, "bbox": [5.4357263402095795, 52.080038418377605, 5.493941907467092, 52.11742649238664], "geometry": {"type": "MultiPolygon", "coordinates": [[[[5.479099, 52.11742], [5.479099, 52.117419], [5.479186, 52.11738], [5.479213, 52.117372], [5.47931, 52.11733], [5.479393, 52.117291], [5.47944, 52.11727], [5.479477, 52.117254], [5.479679, 52.117176], [5.4797, 52.117167], [5.479928, 52.117075], [5.47999, 52.117046], [5.480071, 52.117008], [5.480159, 52.116966], [5.480263, 52.116912], [5.480404, 52.11684], [5.480469, 52.116807], [5.480538, 52.116773], [5.480591, 52.116747], [5.480681, 52.116704], [5.480726, 52.116685], [5.48075, 52.116675], [5.480823, 52.116648], [5.480912, 52.116615], [5.480978, 52.11659], [5.481147, 52.116526], [5.481239, 52.116495], [5.481358, 52.116452], [5.481467, 52.116414], [5.48157, 52.116379], [5.481717, 52.11633], [5.481838, 52.116286], [5.481945, 52.116247], [5.482047, 52.116207], [5.482161, 52.116162], [5.482178, 52.116155], [5.482196, 52.116148], [5.482214, 52.116141], [5.482232, 52.116135], [5.4823, 52.116124], [5.482373, 52.116109], [5.48304, 52.115978], [5.483893, 52.11583], [5.483906, 52.115826], [5.484194, 52.115782], [5.484196, 52.115782], [5.484389, 52.115752], [5.484806, 52.115678], [5.485529, 52.11555], [5.486254, 52.115416], [5.486372, 52.115388], [5.486447, 52.11536], [5.486726, 52.115255], [5.486761, 52.115242], [5.48686, 52.115205], [5.487122, 52.115126], [5.48732, 52.115073], [5.487415, 52.115051], [5.487639, 52.115021], [5.487886, 52.114999], [5.488003, 52.114991], [5.488047, 52.114989], [5.488116, 52.114984], [5.488335, 52.114979], [5.488537, 52.114966], [5.488705, 52.114966], [5.488774, 52.114952], [5.488875, 52.114928], [5.488964, 52.114888], [5.489005, 52.114875], [5.489037, 52.114876], [5.489075, 52.1149], [5.489089, 52.114926], [5.489094, 52.114934], [5.489113, 52.114981], [5.489133, 52.114996], [5.489162, 52.114998], [5.489238, 52.114993], [5.489363, 52.114969], [5.489519, 52.114938], [5.489718, 52.114901], [5.489758, 52.114883], [5.489758, 52.114844], [5.48977, 52.114812], [5.489811, 52.114774], [5.48983, 52.114766], [5.489887, 52.114744], [5.490026, 52.114705], [5.490224, 52.114655], [5.490256, 52.114645], [5.490329, 52.114643], [5.490395, 52.114649], [5.490439, 52.114645], [5.490458, 52.114639], [5.490531, 52.114609], [5.490609, 52.114576], [5.490682, 52.114554], [5.490849, 52.114515], [5.49094, 52.114486], [5.490997, 52.114492], [5.491052, 52.114507], [5.491086, 52.114538], [5.491123, 52.11458], [5.491156, 52.114596], [5.491176, 52.114599], [5.491226, 52.114597], [5.49134, 52.114537], [5.491443, 52.114492], [5.491487, 52.114474], [5.491521, 52.114465], [5.491554, 52.114464], [5.491609, 52.114473], [5.491736, 52.11451], [5.491767, 52.114515], [5.491805, 52.114513], [5.491831, 52.114508], [5.491873, 52.114485], [5.491891, 52.114453], [5.491896, 52.114426], [5.491896, 52.114401], [5.491877, 52.114346], [5.49186, 52.1143], [5.491849, 52.114262], [5.491841, 52.114226], [5.491823, 52.11417], [5.49182, 52.114154], [5.491817, 52.114118], [5.491832, 52.114091], [5.491857, 52.114073], [5.491896, 52.114054], [5.491955, 52.11403], [5.491993, 52.114015], [5.49211, 52.113971], [5.492189, 52.113935], [5.492335, 52.113844], [5.492396, 52.113814], [5.492397, 52.113813], [5.492446, 52.113799], [5.49255, 52.113794], [5.492625, 52.113767], [5.492711, 52.113721], [5.492845, 52.113648], [5.493014, 52.113559], [5.493019, 52.113532], [5.493006, 52.113489], [5.493003, 52.113458], [5.493003, 52.113457], [5.493033, 52.113414], [5.493187, 52.113221], [5.493307, 52.113078], [5.493363, 52.113012], [5.493376, 52.113003], [5.493386, 52.112998], [5.493404, 52.113], [5.49345, 52.113024], [5.49354, 52.113075], [5.493581, 52.113105], [5.493605, 52.113111], [5.493607, 52.113112], [5.493647, 52.113112], [5.493688, 52.113094], [5.493712, 52.113065], [5.493718, 52.113039], [5.493717, 52.112995], [5.493716, 52.11299], [5.493712, 52.11296], [5.493709, 52.112894], [5.493714, 52.112873], [5.493745, 52.112853], [5.493782, 52.112837], [5.493824, 52.112829], [5.493843, 52.112825], [5.493879, 52.112816], [5.493901, 52.112794], [5.493922, 52.112764], [5.49394, 52.112709], [5.493942, 52.112652], [5.493941, 52.112504], [5.493927, 52.112401], [5.493919, 52.112325], [5.4939, 52.112153], [5.493872, 52.111909], [5.493877, 52.111738], [5.493877, 52.111575], [5.493878, 52.111552], [5.493878, 52.111451], [5.493874, 52.111373], [5.493883, 52.111336], [5.493905, 52.11129], [5.493907, 52.111285], [5.49391, 52.111272], [5.493907, 52.111258], [5.493904, 52.111248], [5.493896, 52.111231], [5.493881, 52.1112], [5.493865, 52.111151], [5.493858, 52.111113], [5.493858, 52.111105], [5.493862, 52.111098], [5.49367, 52.110975], [5.493577, 52.110916], [5.493345, 52.110778], [5.492932, 52.110537], [5.492923, 52.110534], [5.492913, 52.11053], [5.492892, 52.110519], [5.492749, 52.110432], [5.492437, 52.110238], [5.492425, 52.110231], [5.492412, 52.110223], [5.492356, 52.110186], [5.491768, 52.109832], [5.491761, 52.109825], [5.491719, 52.1098], [5.49005, 52.108798], [5.49006, 52.108788], [5.489423, 52.108416], [5.489138, 52.108246], [5.488966, 52.108145], [5.488914, 52.10812], [5.488747, 52.108059], [5.488687, 52.108037], [5.488677, 52.108033], [5.488618, 52.108009], [5.488404, 52.107902], [5.488144, 52.107775], [5.487896, 52.107651], [5.487894, 52.10765], [5.487874, 52.10764], [5.487847, 52.107623], [5.487574, 52.107451], [5.487424, 52.107354], [5.48714, 52.107184], [5.486342, 52.106716], [5.485945, 52.106472], [5.485744, 52.106361], [5.48539, 52.10616], [5.485189, 52.106046], [5.484302, 52.105542], [5.484313, 52.105509], [5.48433, 52.105455], [5.484378, 52.105294], [5.484531, 52.104715], [5.484577, 52.104559], [5.484583, 52.10451], [5.48468, 52.104142], [5.484708, 52.104037], [5.484715, 52.104009], [5.484725, 52.103971], [5.484761, 52.103853], [5.484775, 52.103785], [5.48482, 52.103645], [5.484877, 52.103519], [5.484892, 52.10348], [5.484922, 52.103402], [5.484934, 52.103378], [5.484949, 52.103354], [5.484952, 52.103352], [5.484966, 52.103336], [5.484995, 52.103304], [5.484996, 52.103292], [5.485012, 52.10276], [5.485017, 52.102578], [5.485021, 52.10244], [5.485038, 52.101849], [5.485069, 52.101547], [5.485071, 52.10151], [5.485076, 52.101498], [5.48508, 52.101487], [5.485099, 52.101124], [5.485104, 52.101045], [5.485161, 52.100238], [5.48523, 52.099331], [5.485237, 52.099217], [5.485236, 52.09921], [5.48519, 52.09893], [5.485181, 52.098871], [5.485172, 52.098838], [5.485155, 52.098768], [5.485121, 52.098632], [5.485069, 52.098373], [5.485019, 52.098127], [5.485006, 52.098067], [5.485005, 52.098061], [5.484989, 52.09797], [5.484947, 52.097763], [5.484769, 52.096892], [5.484733, 52.096733], [5.484736, 52.096682], [5.484739, 52.096625], [5.485089, 52.095845], [5.485112, 52.095785], [5.48518, 52.095625], [5.485411, 52.095152], [5.485431, 52.095112], [5.485494, 52.094992], [5.485607, 52.094769], [5.485734, 52.09454], [5.485833, 52.094343], [5.485897, 52.094216], [5.485921, 52.094155], [5.485938, 52.094108], [5.485943, 52.094095], [5.485963, 52.094042], [5.485975, 52.094003], [5.486083, 52.093657], [5.485516, 52.093492], [5.485168, 52.093391], [5.484726, 52.093253], [5.484385, 52.093143], [5.484009, 52.09302], [5.483942, 52.093001], [5.483892, 52.092987], [5.483649, 52.092917], [5.483115, 52.092747], [5.482673, 52.092611], [5.482384, 52.092528], [5.481927, 52.092392], [5.481581, 52.09229], [5.481306, 52.092219], [5.481291, 52.092215], [5.481241, 52.092206], [5.481238, 52.092206], [5.481201, 52.0922], [5.481095, 52.092168], [5.480929, 52.092121], [5.480622, 52.092028], [5.480557, 52.091997], [5.480291, 52.091875], [5.480089, 52.091781], [5.480081, 52.091776], [5.479983, 52.091718], [5.479968, 52.091709], [5.479926, 52.091692], [5.479318, 52.091436], [5.47863, 52.091148], [5.47793, 52.090857], [5.477183, 52.090549], [5.476785, 52.09038], [5.476761, 52.090348], [5.476705, 52.090347], [5.476667, 52.090345], [5.47663, 52.090346], [5.475834, 52.090358], [5.47554, 52.090355], [5.475314, 52.090336], [5.475207, 52.090324], [5.474956, 52.090283], [5.474833, 52.090256], [5.474721, 52.090221], [5.474428, 52.090093], [5.474378, 52.090062], [5.474346, 52.090042], [5.474071, 52.08989], [5.473869, 52.089777], [5.473445, 52.089539], [5.473189, 52.089384], [5.472981, 52.08927], [5.472786, 52.089163], [5.472665, 52.089192], [5.472664, 52.089193], [5.472246, 52.089294], [5.471949, 52.089366], [5.471904, 52.089377], [5.471886, 52.089382], [5.471871, 52.089365], [5.47185, 52.089342], [5.471843, 52.089324], [5.471835, 52.089302], [5.471507, 52.08843], [5.471499, 52.088367], [5.471497, 52.088351], [5.471051, 52.088092], [5.470766, 52.087922], [5.470511, 52.087766], [5.470438, 52.08771], [5.470358, 52.087644], [5.470104, 52.087499], [5.470055, 52.087471], [5.469999, 52.087439], [5.469994, 52.087437], [5.470001, 52.087402], [5.469862, 52.087299], [5.469342, 52.086912], [5.469027, 52.086679], [5.468943, 52.086615], [5.468644, 52.086428], [5.468371, 52.086253], [5.468259, 52.086185], [5.468082, 52.086077], [5.467958, 52.085995], [5.467903, 52.085956], [5.467644, 52.085769], [5.467104, 52.085395], [5.466407, 52.084901], [5.466316, 52.084835], [5.466263, 52.084812], [5.466238, 52.084794], [5.466229, 52.084788], [5.466162, 52.084734], [5.466143, 52.084719], [5.465474, 52.084226], [5.464927, 52.083797], [5.464929, 52.083785], [5.46493, 52.083777], [5.464938, 52.083725], [5.464053, 52.083056], [5.463976, 52.083107], [5.463826, 52.083201], [5.463756, 52.083244], [5.463737, 52.083255], [5.463682, 52.08329], [5.463478, 52.083418], [5.463424, 52.08344], [5.463396, 52.083445], [5.463368, 52.083442], [5.463243, 52.0834], [5.462788, 52.083244], [5.46255, 52.083163], [5.462532, 52.083157], [5.462355, 52.083083], [5.462326, 52.083071], [5.46205, 52.082957], [5.461924, 52.082905], [5.461893, 52.082892], [5.461299, 52.082646], [5.460695, 52.082396], [5.46069, 52.082394], [5.460582, 52.082349], [5.460319, 52.082236], [5.460147, 52.082159], [5.460117, 52.082146], [5.459807, 52.08202], [5.459678, 52.082004], [5.459749, 52.081843], [5.460148, 52.080952], [5.459688, 52.080602], [5.459243, 52.080226], [5.458954, 52.080038], [5.458846, 52.080115], [5.458737, 52.080192], [5.458554, 52.080317], [5.45837, 52.080442], [5.458292, 52.080494], [5.458213, 52.080547], [5.45817, 52.080576], [5.458127, 52.080604], [5.458053, 52.080656], [5.457978, 52.080707], [5.457848, 52.080774], [5.457717, 52.080841], [5.457701, 52.08085], [5.457685, 52.080859], [5.457633, 52.080822], [5.457581, 52.080786], [5.45749, 52.080828], [5.457398, 52.08087], [5.457328, 52.0809], [5.457257, 52.08093], [5.45718, 52.080963], [5.457104, 52.080996], [5.45706, 52.08101], [5.457016, 52.081023], [5.457054, 52.081052], [5.457091, 52.081079], [5.457057, 52.081097], [5.45702, 52.081115], [5.45701, 52.081167], [5.457, 52.081219], [5.456985, 52.081226], [5.45696, 52.081238], [5.456952, 52.081243], [5.456882, 52.081283], [5.456813, 52.081322], [5.456778, 52.081343], [5.456742, 52.081363], [5.456701, 52.081414], [5.456655, 52.08147], [5.456652, 52.081475], [5.456408, 52.081614], [5.456222, 52.081747], [5.456037, 52.08188], [5.455874, 52.081994], [5.455711, 52.082107], [5.455543, 52.082225], [5.455374, 52.082343], [5.455201, 52.082466], [5.455029, 52.082589], [5.454848, 52.082716], [5.454667, 52.082844], [5.45454, 52.082929], [5.454413, 52.083014], [5.454301, 52.08309], [5.454189, 52.083166], [5.454134, 52.083208], [5.454074, 52.083253], [5.453994, 52.083301], [5.453913, 52.083348], [5.453849, 52.083384], [5.453785, 52.083419], [5.453721, 52.083448], [5.453657, 52.083476], [5.453574, 52.083513], [5.45349, 52.083551], [5.453393, 52.083592], [5.453297, 52.083634], [5.453111, 52.083704], [5.452925, 52.083774], [5.452795, 52.083822], [5.452666, 52.083869], [5.452645, 52.083877], [5.452624, 52.083885], [5.45249, 52.083934], [5.452356, 52.083984], [5.452293, 52.084005], [5.452229, 52.084027], [5.452211, 52.084033], [5.452193, 52.08404], [5.452151, 52.084062], [5.45211, 52.084083], [5.452034, 52.084114], [5.451958, 52.084145], [5.451851, 52.084187], [5.451745, 52.084229], [5.451636, 52.084278], [5.451527, 52.084326], [5.451465, 52.08436], [5.451403, 52.084393], [5.451367, 52.084421], [5.451331, 52.084449], [5.451281, 52.084484], [5.451231, 52.08452], [5.451184, 52.08456], [5.451137, 52.084599], [5.451086, 52.084648], [5.451036, 52.084697], [5.450997, 52.084735], [5.450961, 52.084772], [5.450917, 52.084831], [5.450873, 52.08489], [5.450834, 52.084993], [5.450794, 52.085095], [5.450777, 52.085137], [5.45076, 52.085179], [5.450748, 52.085218], [5.450736, 52.085258], [5.450734, 52.085314], [5.450731, 52.085369], [5.450734, 52.085419], [5.450736, 52.085469], [5.450745, 52.085525], [5.450754, 52.085581], [5.450761, 52.085613], [5.450768, 52.085646], [5.45078, 52.085678], [5.450792, 52.08571], [5.45076, 52.085713], [5.450729, 52.085716], [5.450786, 52.085804], [5.450843, 52.085893], [5.450895, 52.085984], [5.450947, 52.086075], [5.450984, 52.086144], [5.451021, 52.086212], [5.451087, 52.086332], [5.45117, 52.086485], [5.451197, 52.086536], [5.451204, 52.086548], [5.451215, 52.08657], [5.451229, 52.086595], [5.45123, 52.086598], [5.451236, 52.086607], [5.45124, 52.086615], [5.451249, 52.086633], [5.451275, 52.086703], [5.4513, 52.086773], [5.451311, 52.086803], [5.451321, 52.086832], [5.451333, 52.086912], [5.451345, 52.086992], [5.451359, 52.087108], [5.451372, 52.087223], [5.451373, 52.087273], [5.451375, 52.087323], [5.451374, 52.087496], [5.451372, 52.08767], [5.451372, 52.087707], [5.451372, 52.087745], [5.451371, 52.087823], [5.45137, 52.0879], [5.451366, 52.088009], [5.451362, 52.088117], [5.451357, 52.088181], [5.451351, 52.088244], [5.451345, 52.08828], [5.451338, 52.088315], [5.451326, 52.088349], [5.451314, 52.088383], [5.451288, 52.088425], [5.451262, 52.088466], [5.451198, 52.08856], [5.451135, 52.088654], [5.450955, 52.08883], [5.450774, 52.089007], [5.450749, 52.089028], [5.450724, 52.089049], [5.450687, 52.089076], [5.45065, 52.089103], [5.450605, 52.089133], [5.45056, 52.089163], [5.450479, 52.089216], [5.450398, 52.08927], [5.450356, 52.089297], [5.450313, 52.089325], [5.450246, 52.089357], [5.450178, 52.089389], [5.450054, 52.089451], [5.44993, 52.089513], [5.449904, 52.089552], [5.449878, 52.089591], [5.449903, 52.089599], [5.449927, 52.089606], [5.449885, 52.089628], [5.449851, 52.089657], [5.44986, 52.089665], [5.44984, 52.089674], [5.449821, 52.089683], [5.449804, 52.089669], [5.449778, 52.089682], [5.449752, 52.089696], [5.449618, 52.089736], [5.449484, 52.089776], [5.449373, 52.089808], [5.449262, 52.08984], [5.449145, 52.089876], [5.449029, 52.089911], [5.448911, 52.089945], [5.448794, 52.089978], [5.448679, 52.090012], [5.448563, 52.090046], [5.44854, 52.090039], [5.448521, 52.090033], [5.448501, 52.090027], [5.44847, 52.09003], [5.448456, 52.090039], [5.448429, 52.090053], [5.448403, 52.090066], [5.448189, 52.090134], [5.447976, 52.090203], [5.447645, 52.090313], [5.447314, 52.090423], [5.447082, 52.090507], [5.446849, 52.09059], [5.446807, 52.090605], [5.446765, 52.09062], [5.446544, 52.090699], [5.446324, 52.090778], [5.446209, 52.090823], [5.446094, 52.090867], [5.445956, 52.090922], [5.445818, 52.090976], [5.445711, 52.091021], [5.445604, 52.091067], [5.445587, 52.091074], [5.44557, 52.091082], [5.445496, 52.091115], [5.445422, 52.091148], [5.445293, 52.09121], [5.445164, 52.091271], [5.444825, 52.091477], [5.444486, 52.091682], [5.444318, 52.091814], [5.44415, 52.091947], [5.444054, 52.092065], [5.443957, 52.092182], [5.44394, 52.092213], [5.443923, 52.092243], [5.443917, 52.092252], [5.443912, 52.092261], [5.44386, 52.09236], [5.443807, 52.092458], [5.44375, 52.092755], [5.443692, 52.093053], [5.443684, 52.093075], [5.443676, 52.093096], [5.443667, 52.093133], [5.443657, 52.093169], [5.443601, 52.093445], [5.443545, 52.09372], [5.443493, 52.093835], [5.44344, 52.093951], [5.443368, 52.094048], [5.443296, 52.094144], [5.443256, 52.09418], [5.443216, 52.094215], [5.443167, 52.094258], [5.443117, 52.0943], [5.442991, 52.09438], [5.442864, 52.09446], [5.442596, 52.094621], [5.442327, 52.094782], [5.441986, 52.094993], [5.441646, 52.095205], [5.441041, 52.095583], [5.440436, 52.095961], [5.440121, 52.096158], [5.439806, 52.096354], [5.439641, 52.096453], [5.439477, 52.096551], [5.439318, 52.096645], [5.439159, 52.096739], [5.439052, 52.096802], [5.438946, 52.096865], [5.438647, 52.097043], [5.438347, 52.097221], [5.438084, 52.097378], [5.43782, 52.097535], [5.437503, 52.097724], [5.437186, 52.097914], [5.437033, 52.098008], [5.436879, 52.098102], [5.436762, 52.098174], [5.436645, 52.098246], [5.436447, 52.098377], [5.436249, 52.098508], [5.435989, 52.09868], [5.435729, 52.098852], [5.435759, 52.09886], [5.435789, 52.098869], [5.435758, 52.098891], [5.435726, 52.098913], [5.435737, 52.098915], [5.435915, 52.099044], [5.43593, 52.099055], [5.435943, 52.099064], [5.435968, 52.099082], [5.436031, 52.099153], [5.436079, 52.099188], [5.436104, 52.099199], [5.436622, 52.099332], [5.436696, 52.099358], [5.436874, 52.099429], [5.436968, 52.099469], [5.437293, 52.099648], [5.437384, 52.099695], [5.437461, 52.099724], [5.43756, 52.099748], [5.437626, 52.099763], [5.437685, 52.099771], [5.437775, 52.09977], [5.437844, 52.099763], [5.437906, 52.09975], [5.437938, 52.099744], [5.437962, 52.099765], [5.437983, 52.099791], [5.438053, 52.099913], [5.43813, 52.100031], [5.438132, 52.100038], [5.438177, 52.10011], [5.438269, 52.100285], [5.43839, 52.100492], [5.438391, 52.100495], [5.438403, 52.100518], [5.438649, 52.100947], [5.438651, 52.100951], [5.438661, 52.10097], [5.43888, 52.101365], [5.439091, 52.101763], [5.439125, 52.101818], [5.439164, 52.101862], [5.439164, 52.101862], [5.439181, 52.101876], [5.439216, 52.101911], [5.439408, 52.102066], [5.439574, 52.102194], [5.439769, 52.102346], [5.439878, 52.102436], [5.439945, 52.102491], [5.43999, 52.102522], [5.439994, 52.102525], [5.440157, 52.102643], [5.440387, 52.102829], [5.440519, 52.102936], [5.440542, 52.102958], [5.440665, 52.103052], [5.440844, 52.103184], [5.440874, 52.103205], [5.44092, 52.103242], [5.440937, 52.103256], [5.44098, 52.103294], [5.441107, 52.103396], [5.441281, 52.103531], [5.441453, 52.10367], [5.441599, 52.10378], [5.441865, 52.103991], [5.442, 52.104104], [5.442073, 52.104163], [5.442077, 52.104167], [5.442135, 52.104215], [5.442168, 52.104251], [5.442223, 52.10433], [5.442334, 52.104501], [5.44238, 52.10459], [5.442407, 52.104639], [5.442445, 52.104703], [5.44245, 52.104712], [5.442458, 52.104725], [5.442556, 52.104877], [5.442628, 52.104997], [5.442652, 52.105037], [5.442667, 52.105062], [5.442746, 52.105192], [5.442762, 52.105218], [5.442766, 52.105226], [5.442814, 52.105312], [5.442871, 52.105415], [5.442893, 52.105456], [5.442896, 52.105463], [5.442899, 52.105475], [5.442922, 52.105532], [5.442931, 52.105548], [5.442978, 52.105634], [5.443118, 52.105878], [5.443279, 52.106158], [5.443371, 52.106311], [5.443423, 52.106405], [5.443556, 52.106647], [5.443715, 52.106956], [5.443727, 52.106971], [5.443807, 52.107075], [5.443865, 52.10707], [5.444235, 52.107027], [5.444737, 52.106968], [5.445748, 52.106856], [5.445789, 52.106851], [5.446589, 52.106745], [5.446613, 52.106742], [5.44667, 52.106736], [5.4474, 52.106656], [5.447514, 52.106646], [5.44798, 52.106591], [5.448667, 52.1065], [5.448767, 52.106485], [5.448777, 52.106483], [5.44885, 52.106469], [5.449026, 52.106447], [5.449041, 52.106445], [5.449237, 52.106425], [5.449247, 52.106424], [5.449505, 52.106393], [5.449782, 52.106356], [5.449964, 52.106338], [5.450477, 52.106264], [5.451105, 52.106184], [5.451829, 52.106093], [5.451913, 52.106082], [5.451921, 52.10611], [5.452046, 52.106093], [5.452281, 52.106061], [5.45293, 52.105984], [5.453683, 52.10589], [5.454394, 52.105801], [5.454511, 52.105786], [5.454602, 52.105774], [5.45484, 52.105744], [5.45504, 52.105719], [5.455319, 52.105683], [5.455474, 52.105663], [5.456222, 52.105573], [5.456855, 52.105498], [5.457294, 52.105443], [5.457453, 52.105426], [5.457594, 52.105406], [5.457668, 52.105396], [5.457784, 52.10538], [5.457866, 52.10537], [5.457981, 52.105336], [5.458173, 52.105235], [5.458455, 52.10509], [5.458766, 52.104923], [5.45985, 52.104362], [5.459924, 52.104323], [5.460457, 52.104045], [5.461051, 52.103739], [5.461175, 52.103673], [5.461895, 52.103305], [5.462008, 52.103247], [5.462128, 52.103185], [5.462759, 52.10286], [5.463135, 52.102667], [5.465947, 52.101218], [5.466038, 52.101175], [5.466076, 52.101155], [5.466196, 52.101092], [5.466473, 52.100949], [5.466823, 52.100768], [5.467105, 52.100618], [5.467437, 52.100441], [5.467516, 52.1004], [5.467772, 52.100459], [5.468094, 52.100532], [5.468412, 52.100599], [5.4688, 52.100709], [5.469077, 52.100795], [5.46937, 52.10087], [5.469554, 52.100907], [5.469646, 52.100928], [5.469838, 52.100962], [5.469961, 52.100987], [5.470034, 52.101002], [5.470383, 52.101082], [5.470513, 52.101115], [5.470868, 52.101202], [5.471418, 52.101324], [5.471752, 52.101398], [5.471861, 52.101421], [5.471925, 52.101435], [5.47195, 52.101442], [5.471966, 52.101447], [5.471987, 52.101456], [5.472021, 52.101484], [5.472186, 52.10162], [5.472255, 52.10168], [5.472325, 52.101709], [5.472368, 52.101723], [5.472465, 52.101739], [5.472534, 52.101807], [5.472519, 52.101827], [5.472517, 52.101848], [5.472531, 52.101924], [5.472561, 52.102005], [5.472566, 52.102017], [5.472576, 52.10204], [5.472663, 52.102243], [5.472777, 52.10249], [5.472825, 52.102604], [5.472869, 52.102717], [5.472954, 52.102989], [5.473021, 52.103161], [5.473036, 52.103211], [5.473041, 52.103227], [5.473116, 52.103453], [5.473166, 52.103629], [5.473228, 52.103855], [5.473269, 52.10399], [5.473288, 52.10404], [5.47333, 52.104162], [5.473408, 52.104321], [5.473428, 52.104356], [5.473468, 52.104425], [5.473563, 52.104563], [5.473649, 52.104676], [5.473692, 52.104737], [5.473696, 52.104743], [5.473707, 52.10476], [5.473995, 52.104794], [5.474777, 52.104877], [5.475098, 52.104912], [5.475154, 52.104918], [5.475547, 52.104961], [5.475659, 52.104972], [5.475778, 52.104985], [5.476037, 52.105012], [5.475979, 52.105114], [5.47597, 52.105128], [5.475936, 52.105191], [5.475893, 52.105296], [5.475832, 52.105434], [5.475691, 52.105769], [5.47563, 52.105916], [5.475617, 52.105949], [5.475604, 52.105979], [5.475356, 52.106207], [5.475457, 52.106253], [5.475406, 52.106301], [5.475345, 52.106364], [5.47531, 52.106401], [5.475279, 52.106435], [5.475248, 52.106478], [5.475194, 52.106566], [5.475173, 52.106603], [5.475156, 52.106654], [5.475148, 52.106687], [5.475137, 52.106757], [5.475134, 52.106808], [5.475131, 52.106849], [5.475131, 52.106891], [5.475134, 52.106927], [5.47514, 52.106966], [5.475147, 52.107041], [5.475159, 52.107128], [5.475175, 52.107244], [5.475176, 52.10725], [5.475188, 52.10732], [5.475194, 52.107357], [5.475205, 52.107422], [5.475233, 52.107501], [5.475249, 52.107542], [5.475259, 52.107569], [5.475275, 52.107591], [5.475373, 52.107754], [5.475425, 52.107839], [5.475498, 52.107961], [5.475568, 52.10807], [5.475626, 52.108167], [5.475655, 52.108214], [5.475706, 52.108296], [5.475754, 52.108375], [5.475805, 52.108447], [5.475874, 52.108567], [5.475926, 52.108667], [5.475963, 52.108779], [5.475964, 52.108782], [5.475977, 52.10882], [5.475987, 52.108863], [5.475994, 52.108899], [5.475999, 52.108937], [5.476016, 52.109009], [5.476022, 52.109037], [5.47603, 52.109078], [5.476035, 52.109115], [5.47604, 52.109161], [5.476042, 52.109197], [5.476047, 52.109239], [5.476046, 52.10928], [5.476047, 52.109315], [5.476048, 52.109345], [5.476047, 52.109352], [5.476046, 52.109367], [5.476044, 52.10942], [5.476044, 52.109425], [5.476043, 52.109429], [5.476038, 52.109528], [5.476036, 52.109545], [5.476025, 52.109586], [5.47601, 52.109651], [5.475994, 52.109707], [5.475975, 52.109753], [5.475955, 52.109801], [5.47593, 52.109844], [5.475908, 52.109885], [5.475884, 52.109928], [5.475849, 52.109982], [5.475814, 52.110039], [5.475776, 52.110093], [5.475731, 52.110157], [5.475704, 52.110199], [5.475538, 52.110452], [5.475552, 52.110473], [5.475586, 52.110521], [5.475696, 52.110712], [5.475811, 52.110909], [5.475822, 52.11093], [5.475821, 52.110947], [5.475809, 52.110978], [5.475775, 52.111093], [5.47574, 52.1112], [5.475735, 52.111226], [5.475736, 52.111249], [5.475734, 52.111338], [5.475735, 52.111383], [5.475739, 52.111439], [5.475744, 52.111515], [5.47575, 52.111565], [5.47576, 52.111624], [5.475782, 52.11175], [5.475791, 52.111817], [5.475791, 52.111818], [5.475804, 52.111903], [5.475825, 52.112071], [5.475876, 52.112157], [5.475921, 52.112233], [5.475941, 52.112266], [5.475954, 52.112289], [5.475973, 52.11232], [5.475997, 52.112356], [5.476005, 52.11237], [5.476043, 52.112434], [5.476052, 52.112445], [5.476063, 52.112461], [5.476077, 52.112481], [5.476115, 52.112537], [5.476149, 52.112586], [5.476191, 52.112645], [5.476227, 52.112692], [5.476252, 52.112728], [5.47627, 52.112761], [5.476285, 52.11279], [5.476308, 52.11285], [5.476328, 52.112886], [5.476339, 52.112931], [5.476356, 52.112974], [5.476367, 52.113005], [5.476371, 52.113027], [5.476373, 52.113061], [5.476373, 52.113062], [5.47634, 52.113122], [5.476329, 52.113142], [5.476316, 52.113168], [5.476292, 52.113212], [5.476281, 52.113231], [5.47628, 52.113248], [5.476295, 52.113358], [5.476299, 52.113402], [5.476301, 52.113417], [5.476304, 52.113432], [5.476308, 52.113448], [5.476313, 52.113462], [5.476319, 52.113477], [5.476325, 52.113492], [5.476332, 52.11351], [5.47634, 52.113529], [5.476348, 52.113547], [5.476358, 52.113565], [5.476368, 52.113583], [5.47638, 52.113601], [5.476428, 52.113668], [5.476515, 52.113787], [5.476638, 52.113943], [5.476685, 52.114001], [5.476742, 52.114075], [5.476802, 52.114153], [5.476808, 52.11416], [5.476811, 52.114165], [5.476832, 52.114191], [5.476943, 52.114346], [5.477036, 52.114479], [5.477156, 52.114645], [5.47725, 52.114778], [5.477265, 52.114799], [5.47739, 52.114979], [5.47752, 52.115166], [5.477584, 52.115258], [5.477616, 52.115303], [5.477667, 52.115377], [5.477695, 52.115418], [5.47777, 52.115528], [5.477778, 52.115539], [5.477879, 52.115688], [5.477883, 52.115693], [5.47791, 52.115732], [5.47794, 52.115776], [5.478058, 52.115948], [5.478085, 52.115986], [5.478153, 52.116088], [5.478265, 52.116253], [5.478275, 52.116251], [5.478279, 52.116256], [5.478279, 52.116257], [5.47843, 52.116475], [5.478569, 52.116686], [5.478574, 52.116692], [5.478576, 52.116695], [5.478588, 52.116713], [5.478615, 52.116753], [5.478616, 52.116754], [5.478624, 52.116765], [5.478686, 52.116856], [5.478857, 52.117103], [5.479027, 52.117354], [5.47907, 52.117414], [5.479079, 52.117426], [5.479099, 52.11742]]]]}}, {"type": "Feature", "properties": {"buurtcode": "BU03510012", "buurtnaam": "Rumelaar-Lambalgen", "wijkcode": "WK035100", "gemeentecode": "GM0351", "gemeentenaam": "Woudenberg", "indelingswijzigingWijkenEnBuurten": 3, "water": "NEE", "meestVoorkomendePostcode": "3931", "dekkingspercentage": 1, "omgevingsadressendichtheid": 233, "stedelijkheidAdressenPerKm2": 5, "bevolkingsdichtheidInwonersPerKm2": 61, "aantalInwoners": 765, "mannen": 400, "vrouwen": 365, "percentagePersonen0Tot15Jaar": 17, "percentagePersonen15Tot25Jaar": 17, "percentagePersonen25Tot45Jaar": 20, "percentagePersonen45Tot65Jaar": 27, "percentagePersonen65JaarEnOuder": 18, "percentageOngehuwd": 47, "percentageGehuwd": 44, "percentageGescheid": 2, "percentageVerweduwd": 6, "aantalHuishoudens": 230, "percentageEenpersoonshuishoudens": 17, "percentageHuishoudensZonderKinderen": 26, "percentageHuishoudensMetKinderen": 57, "gemiddeldeHuishoudsgrootte": 3.2, "percentageMetHerkomstlandNederland": 90, "percentageMetHerkomstlandUitEuropaExclNl": 0, "percentageMetHerkomstlandBuitenEuropa": 5, "percentageGebInNlMetHerkomstlandNederland": 90, "percGebInNlMetHerkomstlandInEuropaExNl": 0, "percGebInNlMetHerkomstlandBuitenEuropa": 5, "percGebBuitenNlMetHerkomstlndInEuropaExNl": 0, "percGebBuitenNlMetHerkomstlndBuitenEuropa": 0, "oppervlakteTotaalInHa": 1267, "oppervlakteLandInHa": 1260, "oppervlakteWaterInHa": 7, "jrstatcode": "2025BU03510012", "jaar": 2025}, "bbox": [5.408926116075881, 52.043123266047516, 5.497875717436727, 52.081023480108804], "geometry": {"type": "MultiPolygon", "coordinates": [[[[5.45706, 52.08101], [5.457104, 52.080996], [5.45718, 52.080963], [5.457257, 52.08093], [5.457328, 52.0809], [5.457398, 52.08087], [5.45749, 52.080828], [5.457581, 52.080786], [5.457633, 52.080822], [5.457685, 52.080859], [5.457701, 52.08085], [5.457717, 52.080841], [5.457848, 52.080774], [5.457978, 52.080707], [5.458053, 52.080656], [5.458127, 52.080604], [5.45817, 52.080576], [5.458213, 52.080547], [5.458292, 52.080494], [5.45837, 52.080442], [5.458554, 52.080317], [5.458737, 52.080192], [5.458846, 52.080115], [5.458954, 52.080038], [5.459243, 52.080226], [5.459302, 52.080187], [5.45934, 52.080165], [5.45965, 52.079984], [5.460364, 52.079653], [5.460422, 52.079629], [5.460485, 52.079603], [5.460577, 52.079568], [5.460666, 52.079532], [5.460717, 52.079515], [5.460807, 52.07948], [5.460919, 52.079438], [5.461014, 52.079407], [5.46111, 52.079378], [5.461211, 52.07935], [5.461323, 52.079313], [5.461328, 52.079312], [5.461427, 52.079284], [5.46155, 52.07925], [5.461677, 52.079216], [5.461835, 52.079174], [5.461966, 52.079145], [5.462105, 52.079111], [5.46223, 52.079085], [5.462373, 52.07906], [5.462506, 52.07904], [5.462687, 52.079015], [5.462897, 52.07899], [5.463136, 52.078961], [5.463362, 52.078934], [5.463509, 52.078914], [5.463589, 52.078902], [5.463835, 52.078872], [5.463839, 52.078871], [5.4639, 52.078864], [5.463984, 52.078854], [5.46411, 52.078837], [5.464247, 52.07882], [5.464364, 52.078806], [5.464432, 52.078793], [5.464504, 52.078778], [5.464584, 52.078764], [5.464615, 52.078757], [5.464655, 52.078749], [5.464658, 52.078748], [5.464713, 52.078735], [5.464777, 52.078717], [5.464901, 52.078674], [5.46509, 52.078593], [5.465305, 52.078498], [5.465333, 52.078483], [5.465435, 52.078429], [5.465511, 52.078381], [5.465561, 52.078348], [5.465638, 52.078303], [5.465653, 52.078288], [5.465935, 52.078013], [5.465988, 52.077959], [5.466108, 52.077732], [5.4662, 52.077442], [5.466201, 52.077426], [5.466205, 52.077378], [5.466206, 52.077363], [5.466213, 52.077207], [5.466249, 52.076857], [5.466266, 52.076669], [5.466291, 52.076497], [5.466308, 52.07638], [5.466332, 52.076308], [5.466382, 52.07619], [5.46644, 52.076101], [5.466474, 52.076056], [5.466509, 52.076013], [5.466595, 52.075925], [5.46664, 52.07588], [5.466729, 52.075802], [5.466837, 52.075724], [5.466891, 52.075686], [5.467009, 52.075627], [5.467143, 52.07557], [5.46732, 52.075508], [5.467374, 52.075492], [5.46749, 52.075458], [5.467645, 52.075423], [5.467951, 52.075372], [5.468063, 52.075359], [5.468102, 52.075352], [5.468139, 52.075347], [5.468179, 52.075344], [5.468371, 52.075327], [5.468631, 52.075297], [5.46887, 52.075275], [5.469122, 52.075241], [5.469269, 52.075219], [5.469391, 52.075193], [5.469563, 52.075154], [5.469741, 52.075109], [5.469946, 52.075053], [5.470093, 52.075014], [5.470205, 52.07498], [5.470305, 52.074949], [5.470405, 52.074913], [5.470515, 52.074864], [5.470677, 52.074801], [5.470904, 52.074686], [5.471103, 52.074585], [5.471365, 52.07445], [5.471649, 52.074307], [5.47176, 52.07425], [5.471824, 52.074218], [5.47192, 52.074168], [5.472026, 52.074115], [5.472114, 52.074069], [5.472211, 52.074018], [5.472314, 52.073966], [5.472413, 52.073915], [5.472524, 52.073858], [5.472631, 52.073801], [5.472704, 52.07376], [5.472783, 52.073713], [5.472849, 52.073673], [5.472916, 52.073628], [5.472999, 52.07357], [5.473082, 52.073514], [5.473194, 52.073437], [5.47326, 52.073391], [5.47334, 52.073336], [5.473402, 52.073295], [5.473462, 52.073255], [5.473526, 52.073215], [5.473587, 52.073178], [5.473661, 52.073135], [5.473719, 52.0731], [5.473774, 52.073073], [5.473825, 52.073051], [5.473903, 52.073022], [5.473997, 52.072988], [5.474113, 52.072949], [5.474209, 52.072921], [5.474285, 52.0729], [5.474356, 52.072885], [5.474431, 52.072869], [5.474513, 52.072855], [5.474579, 52.072845], [5.47458, 52.072845], [5.474858, 52.072826], [5.474937, 52.07282], [5.47506, 52.072809], [5.475154, 52.072801], [5.475247, 52.072794], [5.475331, 52.072787], [5.475424, 52.07278], [5.475511, 52.072773], [5.475612, 52.072765], [5.475658, 52.072761], [5.475926, 52.072714], [5.476174, 52.072717], [5.47635, 52.072651], [5.476359, 52.072647], [5.476376, 52.072641], [5.476492, 52.0725], [5.476602, 52.072439], [5.476718, 52.072372], [5.476735, 52.072362], [5.476849, 52.072299], [5.476926, 52.072242], [5.47698, 52.0722], [5.477162, 52.072063], [5.477177, 52.072052], [5.477222, 52.072013], [5.477557, 52.071896], [5.477721, 52.07185], [5.477917, 52.071796], [5.478212, 52.071714], [5.478416, 52.07171], [5.478412, 52.071677], [5.47842, 52.071676], [5.478631, 52.071664], [5.478657, 52.071662], [5.478684, 52.071656], [5.478814, 52.071642], [5.478947, 52.071626], [5.479148, 52.071598], [5.479289, 52.071569], [5.479385, 52.071548], [5.479568, 52.071501], [5.479686, 52.071466], [5.47989, 52.07141], [5.479976, 52.07138], [5.480048, 52.071352], [5.480166, 52.071297], [5.480287, 52.071232], [5.480451, 52.071142], [5.480485, 52.071124], [5.480741, 52.070984], [5.480951, 52.070868], [5.481219, 52.070718], [5.481458, 52.070601], [5.481608, 52.070524], [5.481674, 52.070493], [5.481744, 52.070461], [5.481925, 52.07039], [5.482055, 52.070341], [5.482173, 52.070303], [5.482384, 52.070223], [5.482602, 52.070143], [5.482926, 52.070032], [5.483181, 52.069941], [5.483303, 52.069889], [5.483492, 52.069805], [5.483616, 52.069761], [5.483659, 52.069747], [5.483728, 52.069724], [5.483897, 52.069656], [5.483959, 52.069643], [5.484016, 52.069632], [5.484075, 52.069625], [5.48415, 52.069622], [5.484227, 52.06962], [5.484311, 52.06962], [5.48443, 52.069629], [5.48444, 52.06963], [5.484489, 52.069634], [5.484521, 52.069638], [5.484522, 52.069638], [5.484595, 52.069651], [5.484611, 52.069654], [5.484631, 52.069659], [5.484672, 52.069668], [5.48472, 52.069685], [5.484799, 52.069715], [5.484856, 52.06974], [5.484867, 52.069746], [5.48497, 52.069802], [5.485116, 52.069886], [5.485301, 52.069991], [5.485458, 52.070075], [5.485472, 52.070084], [5.485512, 52.070112], [5.485544, 52.070134], [5.485628, 52.070183], [5.485651, 52.070193], [5.485695, 52.070212], [5.485768, 52.070236], [5.485828, 52.070252], [5.48589, 52.070263], [5.485977, 52.070271], [5.486068, 52.070272], [5.486141, 52.070268], [5.486213, 52.070264], [5.48627, 52.070256], [5.486391, 52.070236], [5.48658, 52.070205], [5.486727, 52.070184], [5.486846, 52.07017], [5.486985, 52.070161], [5.487101, 52.07016], [5.487248, 52.070163], [5.487354, 52.070172], [5.487494, 52.070186], [5.487644, 52.07021], [5.487821, 52.07025], [5.487979, 52.070297], [5.48816, 52.070353], [5.488244, 52.070378], [5.488245, 52.070379], [5.488282, 52.070393], [5.488379, 52.070436], [5.488519, 52.070495], [5.488661, 52.070563], [5.488837, 52.070646], [5.489055, 52.070742], [5.489229, 52.070824], [5.48933, 52.070873], [5.489458, 52.070932], [5.48987, 52.071117], [5.489888, 52.071125], [5.490175, 52.071252], [5.490335, 52.071308], [5.490456, 52.071347], [5.490696, 52.071411], [5.490833, 52.071432], [5.49102, 52.071451], [5.491653, 52.0715], [5.492038, 52.071523], [5.492327, 52.07156], [5.492651, 52.071629], [5.493053, 52.071749], [5.493179, 52.07177], [5.493252, 52.071782], [5.49326, 52.071784], [5.493423, 52.071818], [5.493484, 52.071829], [5.493683, 52.071863], [5.493887, 52.071889], [5.494067, 52.071908], [5.494249, 52.071926], [5.494424, 52.071931], [5.494511, 52.071928], [5.494541, 52.071927], [5.494654, 52.071925], [5.494684, 52.071924], [5.494804, 52.071921], [5.494951, 52.071911], [5.495165, 52.071901], [5.495431, 52.071856], [5.495775, 52.071777], [5.495971, 52.071727], [5.496128, 52.071678], [5.496136, 52.071675], [5.4962, 52.071632], [5.496086, 52.071603], [5.49603, 52.071571], [5.495864, 52.071476], [5.495678, 52.071371], [5.495657, 52.071359], [5.495648, 52.071313], [5.495611, 52.071144], [5.495584, 52.071016], [5.495575, 52.070964], [5.495565, 52.070911], [5.495554, 52.07083], [5.495557, 52.070813], [5.495559, 52.070793], [5.495575, 52.070737], [5.495603, 52.070654], [5.495654, 52.070454], [5.495657, 52.070445], [5.49568, 52.07035], [5.495699, 52.070279], [5.49573, 52.07017], [5.495758, 52.070065], [5.495774, 52.070012], [5.495784, 52.069971], [5.495808, 52.069859], [5.495812, 52.069816], [5.495817, 52.069745], [5.495818, 52.069692], [5.495824, 52.069612], [5.495834, 52.069552], [5.495852, 52.069468], [5.495876, 52.069369], [5.495903, 52.069247], [5.495919, 52.069154], [5.495952, 52.068995], [5.495983, 52.068777], [5.495998, 52.068666], [5.496019, 52.068564], [5.496035, 52.068485], [5.496061, 52.068354], [5.496071, 52.068296], [5.49611, 52.068083], [5.49613, 52.067965], [5.496142, 52.067882], [5.496166, 52.067699], [5.496169, 52.067666], [5.496188, 52.067523], [5.496197, 52.067452], [5.496225, 52.067245], [5.496234, 52.06719], [5.496246, 52.067108], [5.496266, 52.06697], [5.496292, 52.066833], [5.496317, 52.06668], [5.496328, 52.066599], [5.496341, 52.066537], [5.496345, 52.066482], [5.496343, 52.066426], [5.496332, 52.066379], [5.496302, 52.066288], [5.496278, 52.066229], [5.496238, 52.066132], [5.496205, 52.066055], [5.496179, 52.065982], [5.496178, 52.065946], [5.49618, 52.06592], [5.496184, 52.0659], [5.496195, 52.065872], [5.496233, 52.065786], [5.496309, 52.065623], [5.496361, 52.065508], [5.49642, 52.06538], [5.496432, 52.065351], [5.496437, 52.065338], [5.496437, 52.065336], [5.496438, 52.065333], [5.496465, 52.065258], [5.49647, 52.065242], [5.496474, 52.065228], [5.496511, 52.065095], [5.496576, 52.064903], [5.496622, 52.064769], [5.49667, 52.06458], [5.496691, 52.064264], [5.496697, 52.064005], [5.496716, 52.063824], [5.496734, 52.063691], [5.496781, 52.063539], [5.496811, 52.063403], [5.496851, 52.063172], [5.496892, 52.062872], [5.496917, 52.062757], [5.496922, 52.062735], [5.496981, 52.062437], [5.497025, 52.062227], [5.497026, 52.062224], [5.497026, 52.062219], [5.497071, 52.061922], [5.497107, 52.061719], [5.49711, 52.061705], [5.497112, 52.061694], [5.497121, 52.061647], [5.497146, 52.061461], [5.497146, 52.061461], [5.497146, 52.061458], [5.497147, 52.061452], [5.497151, 52.061412], [5.497153, 52.061396], [5.497173, 52.061285], [5.497186, 52.061212], [5.497217, 52.060948], [5.497257, 52.060747], [5.497262, 52.060723], [5.497292, 52.060584], [5.497298, 52.060531], [5.497302, 52.060497], [5.497303, 52.060489], [5.497419, 52.059848], [5.497525, 52.059137], [5.497554, 52.058984], [5.497554, 52.058979], [5.497568, 52.058858], [5.497592, 52.058725], [5.497624, 52.058531], [5.497645, 52.058411], [5.497672, 52.05827], [5.497677, 52.058238], [5.497721, 52.05798], [5.497746, 52.057828], [5.497798, 52.057528], [5.497834, 52.057312], [5.497863, 52.057133], [5.49787, 52.057088], [5.497876, 52.057018], [5.497697, 52.057031], [5.497412, 52.057045], [5.49718, 52.05706], [5.497003, 52.057059], [5.49658, 52.057037], [5.496185, 52.057011], [5.496058, 52.057003], [5.495874, 52.057002], [5.495423, 52.057008], [5.495057, 52.057023], [5.494741, 52.057034], [5.494623, 52.05704], [5.493446, 52.05715], [5.492953, 52.057195], [5.492786, 52.057211], [5.49264, 52.057225], [5.492487, 52.057239], [5.492145, 52.057266], [5.491553, 52.057325], [5.491527, 52.057325], [5.491512, 52.057325], [5.491429, 52.057322], [5.491413, 52.057321], [5.491398, 52.057319], [5.491253, 52.057303], [5.49099, 52.057263], [5.490878, 52.057247], [5.490661, 52.057217], [5.490149, 52.057149], [5.49003, 52.057133], [5.489855, 52.05711], [5.489578, 52.057076], [5.489296, 52.057034], [5.489059, 52.056991], [5.488795, 52.056947], [5.488616, 52.056909], [5.488505, 52.056883], [5.487493, 52.05667], [5.486688, 52.056503], [5.486176, 52.056395], [5.486116, 52.056383], [5.485379, 52.056235], [5.485344, 52.056228], [5.484892, 52.056137], [5.484098, 52.055975], [5.484032, 52.055962], [5.483775, 52.055856], [5.483695, 52.055824], [5.483441, 52.055717], [5.483379, 52.05569], [5.483348, 52.055676], [5.483338, 52.055671], [5.483329, 52.055667], [5.483204, 52.055606], [5.482988, 52.055499], [5.482802, 52.055405], [5.482561, 52.055284], [5.48233, 52.055165], [5.482324, 52.055162], [5.4823, 52.055149], [5.482215, 52.055102], [5.482049, 52.05501], [5.482009, 52.054987], [5.481984, 52.054972], [5.481855, 52.054891], [5.48182, 52.054865], [5.481796, 52.054855], [5.481714, 52.054819], [5.481479, 52.054723], [5.481213, 52.054612], [5.481123, 52.054576], [5.480982, 52.05452], [5.48098, 52.054519], [5.480272, 52.054201], [5.478535, 52.053414], [5.47808, 52.053215], [5.477194, 52.052855], [5.476902, 52.052788], [5.47616, 52.052614], [5.476118, 52.052607], [5.475936, 52.052577], [5.475097, 52.052441], [5.475091, 52.05244], [5.472943, 52.052121], [5.471889, 52.051968], [5.471747, 52.051947], [5.471499, 52.051913], [5.47138, 52.051899], [5.47097, 52.051853], [5.470795, 52.051835], [5.470733, 52.051824], [5.470511, 52.051786], [5.470034, 52.051702], [5.469528, 52.051615], [5.468893, 52.051505], [5.468665, 52.051465], [5.468635, 52.05146], [5.468378, 52.051419], [5.468293, 52.051404], [5.468254, 52.051397], [5.468082, 52.051367], [5.46777, 52.051314], [5.467485, 52.051268], [5.467248, 52.051231], [5.467144, 52.051213], [5.467024, 52.05119], [5.46701, 52.051187], [5.467007, 52.051186], [5.466947, 52.051172], [5.466902, 52.051157], [5.466848, 52.051135], [5.466759, 52.051104], [5.466592, 52.051047], [5.466459, 52.051003], [5.466382, 52.050976], [5.466289, 52.050943], [5.466219, 52.050912], [5.466169, 52.050889], [5.466133, 52.050869], [5.466108, 52.050854], [5.466098, 52.050843], [5.466097, 52.050843], [5.46609, 52.050831], [5.466079, 52.050804], [5.46607, 52.050797], [5.466049, 52.050787], [5.466031, 52.050784], [5.466, 52.050787], [5.465923, 52.05079], [5.465857, 52.050793], [5.465783, 52.050802], [5.465702, 52.050814], [5.465708, 52.050715], [5.465697, 52.050705], [5.465604, 52.050659], [5.465493, 52.050608], [5.465426, 52.050578], [5.46534, 52.050552], [5.465141, 52.050489], [5.464791, 52.05038], [5.464788, 52.05034], [5.464772, 52.050325], [5.464742, 52.050312], [5.464736, 52.05031], [5.464657, 52.050283], [5.464578, 52.050261], [5.464485, 52.050226], [5.464428, 52.050206], [5.464372, 52.050186], [5.46427, 52.050154], [5.464128, 52.050115], [5.464001, 52.050076], [5.4639, 52.050046], [5.463798, 52.05001], [5.463631, 52.049947], [5.463578, 52.049927], [5.463543, 52.049914], [5.463497, 52.049894], [5.463475, 52.049883], [5.463459, 52.049875], [5.463448, 52.049862], [5.463441, 52.049837], [5.463443, 52.049808], [5.463454, 52.04977], [5.463472, 52.049689], [5.463483, 52.049614], [5.463508, 52.049512], [5.463539, 52.049383], [5.46354, 52.049377], [5.463546, 52.049354], [5.463339, 52.049298], [5.463323, 52.049294], [5.463248, 52.049276], [5.463161, 52.049254], [5.462887, 52.049188], [5.462617, 52.049123], [5.462438, 52.049079], [5.462401, 52.049069], [5.462384, 52.049064], [5.462282, 52.049037], [5.462099, 52.048988], [5.461955, 52.048946], [5.4618, 52.048902], [5.461643, 52.048854], [5.461503, 52.048813], [5.461303, 52.048758], [5.461087, 52.048696], [5.46093, 52.048653], [5.460877, 52.048638], [5.460888, 52.048558], [5.460923, 52.048341], [5.460949, 52.048184], [5.46096, 52.048151], [5.461006, 52.047923], [5.461014, 52.047882], [5.461041, 52.047749], [5.461045, 52.047728], [5.461068, 52.047614], [5.461075, 52.04756], [5.461128, 52.047305], [5.461138, 52.047259], [5.460862, 52.047286], [5.460688, 52.047304], [5.4606, 52.047314], [5.460523, 52.047329], [5.460363, 52.047378], [5.460288, 52.0474], [5.460212, 52.047431], [5.460062, 52.047488], [5.459902, 52.04755], [5.459715, 52.047624], [5.459457, 52.04773], [5.459229, 52.047819], [5.458983, 52.047918], [5.458848, 52.047974], [5.458786, 52.047999], [5.458685, 52.048042], [5.458477, 52.048111], [5.458258, 52.048182], [5.458023, 52.048263], [5.45779, 52.048334], [5.457605, 52.048386], [5.457368, 52.048456], [5.456973, 52.048566], [5.456564, 52.0487], [5.456302, 52.048794], [5.455832, 52.048979], [5.455819, 52.048984], [5.455195, 52.049238], [5.454601, 52.049464], [5.454316, 52.049578], [5.454165, 52.049634], [5.454099, 52.049665], [5.454023, 52.049702], [5.453892, 52.049768], [5.453695, 52.049881], [5.453524, 52.04998], [5.453517, 52.049975], [5.453498, 52.049957], [5.453494, 52.049949], [5.453458, 52.049878], [5.45339, 52.049787], [5.453274, 52.049622], [5.453177, 52.049503], [5.453087, 52.049373], [5.453073, 52.049354], [5.452562, 52.048652], [5.45251, 52.048571], [5.452469, 52.048513], [5.452439, 52.048473], [5.452345, 52.048347], [5.452191, 52.048137], [5.452084, 52.047991], [5.451802, 52.047617], [5.451555, 52.047265], [5.451195, 52.046773], [5.450842, 52.046299], [5.45067, 52.04607], [5.450643, 52.046041], [5.450411, 52.045722], [5.450244, 52.045494], [5.450213, 52.045446], [5.450073, 52.045249], [5.45007, 52.045245], [5.449969, 52.045106], [5.449863, 52.044961], [5.449826, 52.044912], [5.449822, 52.044906], [5.44979, 52.044863], [5.4496, 52.044597], [5.44903, 52.04381], [5.448612, 52.043237], [5.448529, 52.043123], [5.448362, 52.043253], [5.447494, 52.043924], [5.446659, 52.044543], [5.446269, 52.044839], [5.445702, 52.045259], [5.444866, 52.045351], [5.441602, 52.045693], [5.441453, 52.045743], [5.441225, 52.045822], [5.441021, 52.045892], [5.440505, 52.046066], [5.440136, 52.04619], [5.439791, 52.046308], [5.439426, 52.046432], [5.439247, 52.046491], [5.439232, 52.046504], [5.43923, 52.046506], [5.437619, 52.047048], [5.436628, 52.047384], [5.436598, 52.047383], [5.436227, 52.047508], [5.435926, 52.047609], [5.43548, 52.04776], [5.435253, 52.04783], [5.435239, 52.047834], [5.435187, 52.04785], [5.43515, 52.047885], [5.434615, 52.0484], [5.434218, 52.048784], [5.433893, 52.049093], [5.433623, 52.04935], [5.433019, 52.049924], [5.432713, 52.05022], [5.432691, 52.050242], [5.43257, 52.050356], [5.432252, 52.050659], [5.431847, 52.051045], [5.431663, 52.05122], [5.431146, 52.051701], [5.430822, 52.052003], [5.430417, 52.052391], [5.430394, 52.052413], [5.430329, 52.052474], [5.430076, 52.052709], [5.429985, 52.052794], [5.429972, 52.052806], [5.429868, 52.052867], [5.429868, 52.052867], [5.429871, 52.052901], [5.429874, 52.053154], [5.429876, 52.053252], [5.429881, 52.053565], [5.429876, 52.053599], [5.429874, 52.053619], [5.429854, 52.053744], [5.429821, 52.053948], [5.429723, 52.054051], [5.429618, 52.054137], [5.429517, 52.054241], [5.429468, 52.054289], [5.42943, 52.054334], [5.429335, 52.054453], [5.429242, 52.054564], [5.429157, 52.054668], [5.4291, 52.054734], [5.429072, 52.054766], [5.429045, 52.054795], [5.429042, 52.0548], [5.429035, 52.054811], [5.429034, 52.054813], [5.429017, 52.054835], [5.429006, 52.054849], [5.428979, 52.054883], [5.428923, 52.054954], [5.428872, 52.05502], [5.428825, 52.05508], [5.428806, 52.055103], [5.428775, 52.055141], [5.42875, 52.055171], [5.428721, 52.055206], [5.428712, 52.055216], [5.428704, 52.055227], [5.428697, 52.055238], [5.42869, 52.055249], [5.428657, 52.055307], [5.428639, 52.055344], [5.428598, 52.055452], [5.428566, 52.055549], [5.428533, 52.055645], [5.428513, 52.055696], [5.42849, 52.055758], [5.428475, 52.055819], [5.42846, 52.055898], [5.428448, 52.055992], [5.428443, 52.056026], [5.428437, 52.056066], [5.428427, 52.056122], [5.428418, 52.056171], [5.428409, 52.056221], [5.428407, 52.056237], [5.428399, 52.05625], [5.428385, 52.056263], [5.428368, 52.056275], [5.428357, 52.056281], [5.428339, 52.0563], [5.428335, 52.056306], [5.428336, 52.056317], [5.428346, 52.056348], [5.428352, 52.056378], [5.428364, 52.056433], [5.428374, 52.056471], [5.428387, 52.056515], [5.428414, 52.05661], [5.42842, 52.056627], [5.428437, 52.056667], [5.428461, 52.056723], [5.428476, 52.056759], [5.428487, 52.056793], [5.428507, 52.056877], [5.428514, 52.056899], [5.428534, 52.05694], [5.428572, 52.057023], [5.428596, 52.057073], [5.428602, 52.05709], [5.42862, 52.057142], [5.428653, 52.057224], [5.428678, 52.057283], [5.428691, 52.057308], [5.428694, 52.057313], [5.428715, 52.057341], [5.428756, 52.057386], [5.428781, 52.057409], [5.428808, 52.057432], [5.428864, 52.057475], [5.428911, 52.057507], [5.428966, 52.057543], [5.429004, 52.05757], [5.429023, 52.057587], [5.429027, 52.05759], [5.429125, 52.057689], [5.429139, 52.057703], [5.429974, 52.058556], [5.430038, 52.058623], [5.430069, 52.058649], [5.430107, 52.058685], [5.430173, 52.058748], [5.430215, 52.058789], [5.430271, 52.058834], [5.43034, 52.058891], [5.430414, 52.05894], [5.430486, 52.058985], [5.430548, 52.059017], [5.430623, 52.059048], [5.430693, 52.059068], [5.430801, 52.059088], [5.430897, 52.059104], [5.431019, 52.059118], [5.431136, 52.059127], [5.431242, 52.059131], [5.431314, 52.059133], [5.431315, 52.059133], [5.431404, 52.059127], [5.431543, 52.059124], [5.431731, 52.059117], [5.431923, 52.059109], [5.432053, 52.059109], [5.432192, 52.059103], [5.432272, 52.059103], [5.432351, 52.059107], [5.432452, 52.059113], [5.43254, 52.059121], [5.432661, 52.059129], [5.432747, 52.059137], [5.432811, 52.059142], [5.432884, 52.059153], [5.43306, 52.059176], [5.433224, 52.0592], [5.433353, 52.059219], [5.43346, 52.059235], [5.433619, 52.05926], [5.433675, 52.059268], [5.433802, 52.059284], [5.433908, 52.059298], [5.434015, 52.059314], [5.434089, 52.059324], [5.434189, 52.059338], [5.434374, 52.059362], [5.434495, 52.059377], [5.434524, 52.059381], [5.434575, 52.059388], [5.434723, 52.059411], [5.434808, 52.059425], [5.434867, 52.059437], [5.434922, 52.059451], [5.434958, 52.059461], [5.435014, 52.059481], [5.435105, 52.059519], [5.435267, 52.059598], [5.435302, 52.05962], [5.435351, 52.059657], [5.435392, 52.059697], [5.435417, 52.059721], [5.435434, 52.059745], [5.435462, 52.059778], [5.435489, 52.059817], [5.435543, 52.059883], [5.435699, 52.060097], [5.435742, 52.060151], [5.435787, 52.060207], [5.435778, 52.060272], [5.435803, 52.060313], [5.435856, 52.060414], [5.435908, 52.060515], [5.435978, 52.060653], [5.436018, 52.060735], [5.43605, 52.060793], [5.436091, 52.06087], [5.436126, 52.060939], [5.436159, 52.061004], [5.436213, 52.061109], [5.436286, 52.061252], [5.436293, 52.061266], [5.436326, 52.061332], [5.436382, 52.061447], [5.4364, 52.061485], [5.43641, 52.061515], [5.43642, 52.06154], [5.436444, 52.061595], [5.436451, 52.061609], [5.436503, 52.061778], [5.43657, 52.061943], [5.436689, 52.062565], [5.43673, 52.062844], [5.436733, 52.062868], [5.436734, 52.062874], [5.436747, 52.062979], [5.4368, 52.06326], [5.436815, 52.063345], [5.436841, 52.063501], [5.436868, 52.063757], [5.436923, 52.064063], [5.436962, 52.064335], [5.436997, 52.064627], [5.43706, 52.065107], [5.437093, 52.065335], [5.437147, 52.065722], [5.437174, 52.065993], [5.437186, 52.066092], [5.437225, 52.066352], [5.437246, 52.066533], [5.437258, 52.066626], [5.437301, 52.066895], [5.437318, 52.067099], [5.437322, 52.067231], [5.437314, 52.067278], [5.437274, 52.067324], [5.437259, 52.067342], [5.437318, 52.067355], [5.437351, 52.067362], [5.437433, 52.067408], [5.437485, 52.06747], [5.437508, 52.067489], [5.437539, 52.067516], [5.437573, 52.067543], [5.437612, 52.067573], [5.437655, 52.067601], [5.437715, 52.06763], [5.437771, 52.067652], [5.437813, 52.06767], [5.437847, 52.067682], [5.437797, 52.067695], [5.437637, 52.067738], [5.437636, 52.067738], [5.43751, 52.067745], [5.437465, 52.067768], [5.437433, 52.06783], [5.437442, 52.068044], [5.437443, 52.068047], [5.437445, 52.068052], [5.437473, 52.06813], [5.437545, 52.068327], [5.437682, 52.06875], [5.437774, 52.069001], [5.437847, 52.069168], [5.437974, 52.069438], [5.438045, 52.06961], [5.438046, 52.069611], [5.438132, 52.069843], [5.438138, 52.069851], [5.438144, 52.069848], [5.438172, 52.069906], [5.438224, 52.070018], [5.438255, 52.070092], [5.438275, 52.070138], [5.438303, 52.070215], [5.438309, 52.070238], [5.438313, 52.070273], [5.438315, 52.070293], [5.438316, 52.070313], [5.438316, 52.070332], [5.438316, 52.070352], [5.438314, 52.070369], [5.438309, 52.070397], [5.438303, 52.070429], [5.438294, 52.070463], [5.438276, 52.070513], [5.438259, 52.070551], [5.438251, 52.070567], [5.438238, 52.070593], [5.438219, 52.070619], [5.438164, 52.07069], [5.438085, 52.070788], [5.438029, 52.070854], [5.437988, 52.070906], [5.437961, 52.070958], [5.437942, 52.071012], [5.437936, 52.071033], [5.437921, 52.0711], [5.437899, 52.071208], [5.437875, 52.07131], [5.437863, 52.071347], [5.43785, 52.071381], [5.437813, 52.071468], [5.43779, 52.071525], [5.437765, 52.071583], [5.437755, 52.071603], [5.437735, 52.071645], [5.437694, 52.071715], [5.437676, 52.071745], [5.437639, 52.0718], [5.437609, 52.071847], [5.437592, 52.071872], [5.437568, 52.071904], [5.437529, 52.071951], [5.437497, 52.071984], [5.437471, 52.07201], [5.437466, 52.072016], [5.437433, 52.07204], [5.437368, 52.072086], [5.437308, 52.072126], [5.43726, 52.07216], [5.437212, 52.072189], [5.437173, 52.072209], [5.437078, 52.072248], [5.437049, 52.07226], [5.437014, 52.072272], [5.436969, 52.072287], [5.436954, 52.072291], [5.436931, 52.072296], [5.436872, 52.072306], [5.436812, 52.072319], [5.436734, 52.072332], [5.436673, 52.072341], [5.43658, 52.07236], [5.436478, 52.07238], [5.436419, 52.072392], [5.436362, 52.072407], [5.436279, 52.072426], [5.436225, 52.072437], [5.436135, 52.072459], [5.43604, 52.072492], [5.436023, 52.072497], [5.435987, 52.072514], [5.435898, 52.072585], [5.435821, 52.072654], [5.435688, 52.07276], [5.435663, 52.072787], [5.4356, 52.072845], [5.435581, 52.072877], [5.435571, 52.072867], [5.43555, 52.072869], [5.435518, 52.072872], [5.435496, 52.072862], [5.435486, 52.072858], [5.435469, 52.072851], [5.435421, 52.072837], [5.435341, 52.072818], [5.435261, 52.072805], [5.435182, 52.072796], [5.435092, 52.072793], [5.434993, 52.072794], [5.43492, 52.072794], [5.434862, 52.072793], [5.434802, 52.072787], [5.434738, 52.072778], [5.434675, 52.072761], [5.434581, 52.072729], [5.434342, 52.072641], [5.434007, 52.072519], [5.433514, 52.072343], [5.433381, 52.072295], [5.432871, 52.072325], [5.432305, 52.072357], [5.431859, 52.072383], [5.431702, 52.072389], [5.431456, 52.072406], [5.431027, 52.072436], [5.430743, 52.072465], [5.430385, 52.072499], [5.430222, 52.072513], [5.430155, 52.072517], [5.429429, 52.072558], [5.429358, 52.072563], [5.429222, 52.072567], [5.429059, 52.072566], [5.428908, 52.072565], [5.428754, 52.072561], [5.428616, 52.072556], [5.428513, 52.072548], [5.428388, 52.072537], [5.42826, 52.072517], [5.428126, 52.0725], [5.427954, 52.07247], [5.427719, 52.072423], [5.427526, 52.072389], [5.427392, 52.072369], [5.42698, 52.072319], [5.426805, 52.072298], [5.426468, 52.072258], [5.426145, 52.072219], [5.425931, 52.072196], [5.425797, 52.072178], [5.425795, 52.072178], [5.425784, 52.072175], [5.42577, 52.072171], [5.425735, 52.072166], [5.425664, 52.072161], [5.4256, 52.072158], [5.425571, 52.072157], [5.425523, 52.072157], [5.425493, 52.072158], [5.425457, 52.072159], [5.425364, 52.072171], [5.425246, 52.072187], [5.42506, 52.072214], [5.424954, 52.072232], [5.424913, 52.072237], [5.424864, 52.072246], [5.424691, 52.072275], [5.424648, 52.072285], [5.424624, 52.072292], [5.42458, 52.072303], [5.424537, 52.072317], [5.424471, 52.072338], [5.424419, 52.072357], [5.424355, 52.072383], [5.424287, 52.072411], [5.424183, 52.072454], [5.424072, 52.072499], [5.423945, 52.072549], [5.423811, 52.072602], [5.423763, 52.072621], [5.42373, 52.072631], [5.423616, 52.072671], [5.423515, 52.072711], [5.42342, 52.072749], [5.423311, 52.072793], [5.423231, 52.072825], [5.423149, 52.072854], [5.423051, 52.072885], [5.42294, 52.072922], [5.422824, 52.072956], [5.422784, 52.072968], [5.422713, 52.072985], [5.422654, 52.073002], [5.422601, 52.073012], [5.422545, 52.073018], [5.422487, 52.073021], [5.422446, 52.073021], [5.42243, 52.073021], [5.422375, 52.073017], [5.422355, 52.073016], [5.422281, 52.073006], [5.422215, 52.072992], [5.422162, 52.072982], [5.422058, 52.072958], [5.421977, 52.072935], [5.421944, 52.072925], [5.421814, 52.072879], [5.421694, 52.072834], [5.421589, 52.072795], [5.421479, 52.072756], [5.42139, 52.072722], [5.421377, 52.072715], [5.421287, 52.0727], [5.421246, 52.072693], [5.421095, 52.072667], [5.420885, 52.072591], [5.420563, 52.072476], [5.420368, 52.07241], [5.420057, 52.072298], [5.419481, 52.072095], [5.419311, 52.072034], [5.419164, 52.071981], [5.419056, 52.071943], [5.418751, 52.071837], [5.418364, 52.071697], [5.418035, 52.071571], [5.417985, 52.071552], [5.417883, 52.07151], [5.417768, 52.071464], [5.41772, 52.071439], [5.417584, 52.071393], [5.417398, 52.071359], [5.417127, 52.071306], [5.416869, 52.071255], [5.41658, 52.071194], [5.416398, 52.071159], [5.41628, 52.071132], [5.416151, 52.071102], [5.41598, 52.07107], [5.415865, 52.071044], [5.415783, 52.071029], [5.415675, 52.071014], [5.415533, 52.070992], [5.41546, 52.070975], [5.415346, 52.070955], [5.415218, 52.070931], [5.415117, 52.070912], [5.415002, 52.070886], [5.41493, 52.070868], [5.414845, 52.070848], [5.414756, 52.070831], [5.414701, 52.07082], [5.414654, 52.070814], [5.414611, 52.070809], [5.414582, 52.070805], [5.414524, 52.070798], [5.414495, 52.070794], [5.414408, 52.070777], [5.414324, 52.070759], [5.414269, 52.070746], [5.414194, 52.070729], [5.414028, 52.070691], [5.413838, 52.07065], [5.413618, 52.070605], [5.413387, 52.070559], [5.413134, 52.070511], [5.412933, 52.070473], [5.412819, 52.070453], [5.412684, 52.070427], [5.412666, 52.070423], [5.412617, 52.070408], [5.412525, 52.070374], [5.412467, 52.070348], [5.412409, 52.070313], [5.412387, 52.070302], [5.412356, 52.070285], [5.412344, 52.070279], [5.412262, 52.070238], [5.412155, 52.070182], [5.411934, 52.07007], [5.411595, 52.069876], [5.411501, 52.06982], [5.411375, 52.069745], [5.410986, 52.069524], [5.410677, 52.069335], [5.410506, 52.069243], [5.410389, 52.069181], [5.410356, 52.069208], [5.410266, 52.069282], [5.410046, 52.069408], [5.410026, 52.069376], [5.410001, 52.069353], [5.409971, 52.06933], [5.409915, 52.069289], [5.409873, 52.069265], [5.409757, 52.069203], [5.409734, 52.069186], [5.409732, 52.069185], [5.409723, 52.06918], [5.409646, 52.069136], [5.409371, 52.068993], [5.409354, 52.068985], [5.409355, 52.068993], [5.409355, 52.069001], [5.409356, 52.069009], [5.409357, 52.069018], [5.409357, 52.069039], [5.409357, 52.06906], [5.409358, 52.069081], [5.409358, 52.069102], [5.409351, 52.069169], [5.409345, 52.069235], [5.409338, 52.069302], [5.409331, 52.069369], [5.409331, 52.069375], [5.40933, 52.06938], [5.409329, 52.069386], [5.409329, 52.069392], [5.409329, 52.069395], [5.409328, 52.069398], [5.409328, 52.069402], [5.409328, 52.069405], [5.409318, 52.0695], [5.409309, 52.069595], [5.409298, 52.069698], [5.409288, 52.069801], [5.409286, 52.069817], [5.409285, 52.069832], [5.409283, 52.069847], [5.409282, 52.069862], [5.409296, 52.069863], [5.409311, 52.069864], [5.409325, 52.069864], [5.40934, 52.069865], [5.409338, 52.069884], [5.409336, 52.069902], [5.409332, 52.069946], [5.409328, 52.06999], [5.409328, 52.069994], [5.409327, 52.069997], [5.409327, 52.070001], [5.409327, 52.070005], [5.409326, 52.07002], [5.409325, 52.070035], [5.409325, 52.07005], [5.409324, 52.070066], [5.409317, 52.070132], [5.409311, 52.070198], [5.409305, 52.070264], [5.409298, 52.07033], [5.409297, 52.070354], [5.409295, 52.070378], [5.409294, 52.070402], [5.409292, 52.070426], [5.40929, 52.070463], [5.409288, 52.070501], [5.409285, 52.070538], [5.409283, 52.070576], [5.409282, 52.07059], [5.409265, 52.070588], [5.409248, 52.070586], [5.409231, 52.070583], [5.409214, 52.070581], [5.409205, 52.070705], [5.409197, 52.070828], [5.409188, 52.070951], [5.40918, 52.071074], [5.409182, 52.071106], [5.409184, 52.071137], [5.409186, 52.071169], [5.409188, 52.0712], [5.409123, 52.071201], [5.409057, 52.071202], [5.408992, 52.071203], [5.408926, 52.071204], [5.408927, 52.071225], [5.408929, 52.071246], [5.40893, 52.071268], [5.408931, 52.071289], [5.409016, 52.071301], [5.4091, 52.071313], [5.409184, 52.071325], [5.409269, 52.071337], [5.409273, 52.071348], [5.409277, 52.071359], [5.409281, 52.07137], [5.409285, 52.071381], [5.40929, 52.071394], [5.409294, 52.071406], [5.409299, 52.071419], [5.409303, 52.071432], [5.409309, 52.07145], [5.409315, 52.071468], [5.409321, 52.071487], [5.409326, 52.0715], [5.409327, 52.071505], [5.409312, 52.071502], [5.409304, 52.071501], [5.409297, 52.071499], [5.409298, 52.071504], [5.40935, 52.071632], [5.409403, 52.071765], [5.409456, 52.071898], [5.409509, 52.07203], [5.409614, 52.072274], [5.40972, 52.072517], [5.409825, 52.07276], [5.409931, 52.073003], [5.409946, 52.073001], [5.409953, 52.073], [5.409961, 52.072999], [5.409995, 52.073077], [5.410029, 52.073156], [5.410063, 52.073235], [5.410097, 52.073313], [5.41009, 52.073314], [5.410082, 52.073315], [5.410074, 52.073317], [5.410067, 52.073318], [5.410103, 52.073404], [5.410139, 52.073491], [5.410175, 52.073577], [5.410211, 52.073664], [5.410252, 52.073762], [5.410293, 52.073861], [5.410334, 52.073959], [5.410375, 52.074058], [5.410398, 52.074113], [5.410422, 52.074168], [5.410445, 52.074223], [5.410468, 52.074278], [5.41048, 52.074309], [5.410493, 52.074339], [5.410506, 52.07437], [5.410518, 52.0744], [5.410519, 52.074402], [5.41052, 52.074403], [5.410521, 52.074405], [5.410521, 52.074407], [5.410568, 52.074518], [5.410614, 52.074629], [5.41066, 52.07474], [5.410707, 52.07485], [5.410676, 52.074856], [5.410646, 52.074862], [5.410615, 52.074868], [5.410585, 52.074874], [5.410589, 52.074882], [5.410591, 52.074886], [5.410593, 52.07489], [5.410601, 52.074906], [5.410608, 52.074921], [5.410616, 52.074937], [5.410623, 52.074952], [5.410625, 52.074956], [5.410627, 52.074959], [5.41063, 52.074965], [5.410616, 52.074968], [5.410611, 52.074969], [5.410651, 52.075061], [5.410691, 52.075154], [5.41073, 52.075246], [5.41077, 52.075338], [5.410802, 52.075412], [5.410834, 52.075486], [5.410866, 52.07556], [5.410898, 52.075634], [5.410903, 52.075633], [5.410942, 52.07572], [5.41098, 52.075807], [5.411018, 52.075894], [5.411056, 52.075981], [5.41107, 52.076014], [5.411049, 52.076019], [5.411027, 52.076023], [5.411005, 52.076028], [5.410983, 52.076032], [5.410991, 52.076047], [5.410998, 52.076061], [5.411006, 52.076076], [5.411013, 52.076091], [5.411021, 52.076107], [5.41103, 52.076124], [5.411038, 52.07614], [5.411046, 52.076156], [5.411068, 52.076152], [5.411091, 52.076148], [5.411113, 52.076144], [5.411135, 52.07614], [5.411211, 52.076308], [5.411287, 52.076476], [5.411268, 52.076493], [5.411261, 52.076499], [5.411255, 52.076506], [5.411248, 52.076513], [5.411242, 52.07652], [5.411236, 52.076528], [5.411229, 52.076536], [5.411222, 52.076547], [5.411215, 52.076558], [5.41121, 52.076568], [5.411205, 52.076578], [5.411201, 52.07659], [5.411196, 52.076602], [5.411194, 52.076606], [5.411193, 52.07661], [5.41119, 52.076614], [5.411188, 52.076617], [5.411186, 52.07662], [5.411183, 52.076623], [5.411181, 52.076626], [5.411178, 52.076629], [5.411174, 52.076633], [5.411171, 52.076636], [5.411168, 52.076639], [5.411164, 52.076642], [5.411163, 52.076643], [5.411115, 52.076661], [5.411067, 52.076679], [5.411059, 52.07668], [5.411052, 52.076681], [5.411044, 52.076682], [5.411036, 52.076683], [5.41102, 52.076685], [5.411005, 52.076687], [5.411048, 52.076784], [5.411092, 52.076881], [5.411149, 52.076893], [5.411206, 52.076906], [5.411248, 52.076927], [5.41129, 52.076949], [5.411329, 52.076963], [5.411368, 52.076978], [5.411449, 52.076998], [5.41153, 52.077017], [5.411811, 52.07696], [5.412092, 52.076903], [5.412148, 52.076862], [5.412204, 52.076821], [5.412228, 52.076795], [5.412252, 52.076769], [5.412268, 52.076733], [5.412283, 52.076696], [5.412415, 52.076676], [5.412548, 52.076657], [5.412728, 52.076625], [5.412909, 52.076593], [5.413299, 52.076537], [5.413688, 52.076481], [5.414098, 52.076421], [5.414508, 52.076361], [5.41474, 52.076327], [5.414971, 52.07629], [5.415611, 52.076198], [5.41625, 52.076105], [5.416313, 52.076097], [5.416376, 52.076088], [5.416513, 52.07607], [5.41665, 52.076051], [5.416924, 52.076012], [5.417198, 52.075973], [5.41755, 52.075924], [5.417903, 52.075875], [5.417928, 52.075873], [5.417952, 52.075871], [5.418305, 52.075823], [5.418658, 52.075775], [5.419072, 52.075721], [5.419485, 52.075666], [5.419811, 52.07562], [5.420137, 52.075573], [5.420464, 52.075526], [5.420791, 52.07548], [5.421119, 52.07543], [5.421447, 52.07538], [5.421844, 52.075323], [5.422241, 52.075266], [5.422637, 52.07521], [5.423033, 52.075153], [5.423355, 52.075115], [5.423678, 52.075077], [5.423996, 52.075037], [5.424314, 52.074997], [5.424353, 52.074992], [5.424391, 52.074988], [5.424398, 52.074987], [5.424404, 52.074986], [5.424423, 52.074983], [5.424443, 52.07498], [5.424497, 52.074973], [5.424551, 52.074965], [5.424875, 52.07492], [5.425198, 52.074874], [5.425225, 52.074891], [5.425243, 52.074901], [5.425256, 52.074925], [5.425269, 52.074949], [5.425465, 52.074922], [5.425661, 52.074894], [5.425669, 52.074875], [5.425676, 52.074856], [5.425934, 52.074808], [5.426192, 52.074759], [5.4264, 52.074732], [5.426607, 52.074705], [5.426821, 52.074685], [5.427034, 52.074666], [5.427076, 52.074663], [5.427117, 52.074659], [5.427113, 52.074647], [5.427108, 52.074634], [5.427222, 52.074618], [5.42734, 52.074601], [5.42743, 52.0746], [5.427519, 52.074599], [5.427623, 52.074604], [5.427727, 52.074608], [5.427785, 52.074614], [5.427842, 52.074619], [5.427888, 52.074624], [5.427934, 52.074628], [5.428, 52.074637], [5.428065, 52.074646], [5.428104, 52.074648], [5.428143, 52.074651], [5.428339, 52.074676], [5.428461, 52.074695], [5.428584, 52.074714], [5.428751, 52.074749], [5.428918, 52.074783], [5.429067, 52.074824], [5.429217, 52.074864], [5.429362, 52.074909], [5.429506, 52.074955], [5.429626, 52.075], [5.429745, 52.075045], [5.429918, 52.075125], [5.43009, 52.075204], [5.430318, 52.075319], [5.430641, 52.075487], [5.430963, 52.075655], [5.431026, 52.075688], [5.431207, 52.075783], [5.431388, 52.075879], [5.431564, 52.075972], [5.43174, 52.076066], [5.431973, 52.076192], [5.432207, 52.076317], [5.432433, 52.076436], [5.432659, 52.076554], [5.432704, 52.076578], [5.432749, 52.076602], [5.432786, 52.076621], [5.432823, 52.076641], [5.432907, 52.076685], [5.432991, 52.076729], [5.433184, 52.076832], [5.433377, 52.076935], [5.433528, 52.077016], [5.433679, 52.077096], [5.434161, 52.077352], [5.434643, 52.077607], [5.434766, 52.077668], [5.434889, 52.077729], [5.43497, 52.077771], [5.435051, 52.077812], [5.435066, 52.077822], [5.435081, 52.077832], [5.43512, 52.077857], [5.435159, 52.077882], [5.435192, 52.077911], [5.435225, 52.077939], [5.435262, 52.077962], [5.435298, 52.077985], [5.435377, 52.078028], [5.435457, 52.078071], [5.435519, 52.078102], [5.43558, 52.078133], [5.435596, 52.078141], [5.435611, 52.078149], [5.435737, 52.078208], [5.435862, 52.078267], [5.436018, 52.078341], [5.436174, 52.078415], [5.436184, 52.07842], [5.436193, 52.078424], [5.4362, 52.078423], [5.436221, 52.07842], [5.436248, 52.078416], [5.436304, 52.078446], [5.436359, 52.078476], [5.436476, 52.078539], [5.436594, 52.078601], [5.436699, 52.078654], [5.436803, 52.078707], [5.436821, 52.078704], [5.436838, 52.078701], [5.436844, 52.078715], [5.436849, 52.078729], [5.436856, 52.078744], [5.436864, 52.078764], [5.436917, 52.078895], [5.43697, 52.079025], [5.437246, 52.078986], [5.437522, 52.078946], [5.437536, 52.078944], [5.437549, 52.078942], [5.437568, 52.078946], [5.437587, 52.078949], [5.437624, 52.078956], [5.437662, 52.078963], [5.437699, 52.07897], [5.437736, 52.078977], [5.437774, 52.078984], [5.437811, 52.078991], [5.437849, 52.078998], [5.437857, 52.079007], [5.437865, 52.079015], [5.437873, 52.079024], [5.437881, 52.079033], [5.437889, 52.079041], [5.437897, 52.07905], [5.437905, 52.079059], [5.437913, 52.079068], [5.437963, 52.079067], [5.437986, 52.079066], [5.438129, 52.079066], [5.438274, 52.079067], [5.438388, 52.079067], [5.438486, 52.079067], [5.438708, 52.079067], [5.438873, 52.079068], [5.439038, 52.079068], [5.439344, 52.079069], [5.43965, 52.07907], [5.439836, 52.07907], [5.440066, 52.079071], [5.440297, 52.079072], [5.440622, 52.079073], [5.440948, 52.079074], [5.441066, 52.079074], [5.441301, 52.079074], [5.441493, 52.079073], [5.441685, 52.079072], [5.441816, 52.079076], [5.441947, 52.07908], [5.442038, 52.079081], [5.442173, 52.079084], [5.442328, 52.079087], [5.442439, 52.079092], [5.442628, 52.079099], [5.442702, 52.079105], [5.442859, 52.079119], [5.442956, 52.079124], [5.443305, 52.079163], [5.443582, 52.079209], [5.443626, 52.079216], [5.443919, 52.079268], [5.444162, 52.079307], [5.444387, 52.079349], [5.444504, 52.079371], [5.44476, 52.07942], [5.445062, 52.079477], [5.445152, 52.079492], [5.445237, 52.079507], [5.445319, 52.079523], [5.445412, 52.079541], [5.445532, 52.079564], [5.445657, 52.079587], [5.445768, 52.079608], [5.445903, 52.079632], [5.446068, 52.079663], [5.446079, 52.079665], [5.446788, 52.079797], [5.447153, 52.079866], [5.447476, 52.079926], [5.448171, 52.080057], [5.448302, 52.080084], [5.448436, 52.080109], [5.448658, 52.080151], [5.449033, 52.080224], [5.449039, 52.080213], [5.449659, 52.080324], [5.449674, 52.080327], [5.449859, 52.08036], [5.449957, 52.080377], [5.450055, 52.080394], [5.450072, 52.080387], [5.450089, 52.08038], [5.45012, 52.080387], [5.450151, 52.080394], [5.450186, 52.080347], [5.450222, 52.080301], [5.450152, 52.080287], [5.450082, 52.080274], [5.450099, 52.080257], [5.450116, 52.08024], [5.450238, 52.080101], [5.450361, 52.079962], [5.450439, 52.079874], [5.450516, 52.079786], [5.450568, 52.079728], [5.450619, 52.07967], [5.450605, 52.079665], [5.450591, 52.07966], [5.450604, 52.079648], [5.450616, 52.079635], [5.450722, 52.079519], [5.450828, 52.079404], [5.450831, 52.0794], [5.450834, 52.079397], [5.45087, 52.079359], [5.450905, 52.079321], [5.450929, 52.079295], [5.450954, 52.07927], [5.450997, 52.079277], [5.45104, 52.079284], [5.451041, 52.079282], [5.451075, 52.079246], [5.45111, 52.07921], [5.451256, 52.079048], [5.451402, 52.078886], [5.451461, 52.078822], [5.451519, 52.078757], [5.451523, 52.078753], [5.451526, 52.078749], [5.451535, 52.07874], [5.451543, 52.078731], [5.451579, 52.078691], [5.451615, 52.078652], [5.451654, 52.078608], [5.451694, 52.078564], [5.451839, 52.078404], [5.451983, 52.078244], [5.45219, 52.078016], [5.452465, 52.077713], [5.45284, 52.077851], [5.452755, 52.077945], [5.45267, 52.078038], [5.452598, 52.078116], [5.452526, 52.078193], [5.452411, 52.078319], [5.452296, 52.078446], [5.45218, 52.078574], [5.452064, 52.078702], [5.452039, 52.07873], [5.452015, 52.078757], [5.451955, 52.078822], [5.451896, 52.078887], [5.452109, 52.079004], [5.452248, 52.079081], [5.452286, 52.079056], [5.452388, 52.078987], [5.452564, 52.079086], [5.452744, 52.079183], [5.452771, 52.079198], [5.452798, 52.079213], [5.452695, 52.079283], [5.452657, 52.079309], [5.452836, 52.07941], [5.452852, 52.079418], [5.452868, 52.079427], [5.452871, 52.079429], [5.452873, 52.07943], [5.452922, 52.079457], [5.452972, 52.079485], [5.45325, 52.079639], [5.453528, 52.079793], [5.453589, 52.079827], [5.45365, 52.079862], [5.453657, 52.079866], [5.453664, 52.07987], [5.453701, 52.079841], [5.453737, 52.079812], [5.453845, 52.079834], [5.453954, 52.079857], [5.454052, 52.079876], [5.45415, 52.079896], [5.454184, 52.079902], [5.454218, 52.079909], [5.454256, 52.079916], [5.454294, 52.079924], [5.454262, 52.079984], [5.454229, 52.080045], [5.454492, 52.080095], [5.454754, 52.080146], [5.454727, 52.080197], [5.4547, 52.080249], [5.454745, 52.080279], [5.454789, 52.080309], [5.454745, 52.080471], [5.4547, 52.080633], [5.454731, 52.080612], [5.454762, 52.080591], [5.45477, 52.080583], [5.454778, 52.080576], [5.454815, 52.080541], [5.454853, 52.080505], [5.454877, 52.080483], [5.454902, 52.08046], [5.454932, 52.080438], [5.454962, 52.080416], [5.455019, 52.080368], [5.455076, 52.08032], [5.455146, 52.080263], [5.455217, 52.080206], [5.455273, 52.080162], [5.45533, 52.080119], [5.455372, 52.080084], [5.455414, 52.080048], [5.455443, 52.080021], [5.455473, 52.079993], [5.455488, 52.080016], [5.455502, 52.080039], [5.455526, 52.080076], [5.45555, 52.080113], [5.455613, 52.080126], [5.455635, 52.080137], [5.455656, 52.080149], [5.455686, 52.080167], [5.455715, 52.080185], [5.455747, 52.080205], [5.455779, 52.080224], [5.455814, 52.080245], [5.455848, 52.080265], [5.456023, 52.08037], [5.456198, 52.080475], [5.456264, 52.08051], [5.45633, 52.080545], [5.456352, 52.080558], [5.456433, 52.080604], [5.456517, 52.080651], [5.45653, 52.080658], [5.456543, 52.080665], [5.456562, 52.080677], [5.456582, 52.080688], [5.456702, 52.080758], [5.456822, 52.080828], [5.456891, 52.080868], [5.45696, 52.080908], [5.456931, 52.080922], [5.456896, 52.080938], [5.457016, 52.081023], [5.45706, 52.08101]]]]}}, {"type": "Feature", "properties": {"buurtcode": "BU03510013", "buurtnaam": "Hoevelaar", "wijkcode": "WK035100", "gemeentecode": "GM0351", "gemeentenaam": "Woudenberg", "indelingswijzigingWijkenEnBuurten": 3, "water": "NEE", "meestVoorkomendePostcode": "3931", "dekkingspercentage": 1, "omgevingsadressendichtheid": 538, "stedelijkheidAdressenPerKm2": 4, "bevolkingsdichtheidInwonersPerKm2": 1427, "aantalInwoners": 650, "mannen": 335, "vrouwen": 310, "percentagePersonen0Tot15Jaar": 24, "percentagePersonen15Tot25Jaar": 8, "percentagePersonen25Tot45Jaar": 44, "percentagePersonen45Tot65Jaar": 14, "percentagePersonen65JaarEnOuder": 10, "percentageOngehuwd": 52, "percentageGehuwd": 40, "percentageGescheid": 4, "percentageVerweduwd": 4, "aantalHuishoudens": 245, "percentageEenpersoonshuishoudens": 29, "percentageHuishoudensZonderKinderen": 32, "percentageHuishoudensMetKinderen": 39, "gemiddeldeHuishoudsgrootte": 2.5, "percentageMetHerkomstlandNederland": 85, "percentageMetHerkomstlandUitEuropaExclNl": 5, "percentageMetHerkomstlandBuitenEuropa": 10, "percentageGebInNlMetHerkomstlandNederland": 85, "percGebInNlMetHerkomstlandInEuropaExNl": 0, "percGebInNlMetHerkomstlandBuitenEuropa": 5, "percGebBuitenNlMetHerkomstlndInEuropaExNl": 0, "percGebBuitenNlMetHerkomstlndBuitenEuropa": 5, "oppervlakteTotaalInHa": 46, "oppervlakteLandInHa": 46, "oppervlakteWaterInHa": 0, "jrstatcode": "2025BU03510013", "jaar": 2025}, "bbox": [5.437855296021593, 52.0790660595662, 5.449659174003968, 52.087331913740975], "geometry": {"type": "MultiPolygon", "coordinates": [[[[5.443761, 52.087283], [5.443807, 52.087233], [5.443852, 52.087184], [5.443898, 52.087134], [5.444004, 52.08702], [5.444109, 52.086905], [5.444215, 52.08679], [5.444321, 52.086676], [5.444421, 52.086566], [5.44452, 52.086455], [5.444619, 52.086345], [5.444719, 52.086235], [5.444805, 52.086138], [5.444892, 52.086041], [5.444978, 52.085944], [5.445065, 52.085847], [5.445054, 52.085821], [5.445043, 52.085795], [5.445033, 52.085769], [5.445022, 52.085743], [5.445128, 52.085626], [5.445235, 52.085509], [5.445341, 52.085391], [5.445447, 52.085274], [5.445476, 52.085242], [5.445504, 52.08521], [5.445533, 52.085179], [5.445562, 52.085147], [5.445943, 52.084726], [5.446324, 52.084304], [5.446706, 52.083883], [5.447087, 52.083461], [5.447134, 52.083409], [5.447181, 52.083357], [5.447228, 52.083305], [5.447275, 52.083253], [5.447399, 52.083117], [5.447522, 52.08298], [5.447645, 52.082844], [5.447769, 52.082708], [5.44768, 52.082677], [5.447591, 52.082647], [5.447502, 52.082617], [5.447413, 52.082587], [5.447548, 52.082439], [5.447683, 52.082291], [5.447817, 52.082142], [5.447952, 52.081994], [5.447984, 52.081958], [5.448016, 52.081923], [5.448049, 52.081887], [5.448081, 52.081852], [5.448193, 52.081729], [5.448305, 52.081606], [5.448418, 52.08148], [5.448532, 52.081355], [5.448536, 52.081351], [5.448575, 52.081364], [5.448614, 52.081377], [5.448653, 52.081391], [5.448692, 52.081404], [5.448769, 52.081318], [5.448846, 52.081232], [5.448922, 52.081147], [5.448999, 52.081061], [5.449039, 52.081017], [5.449078, 52.080973], [5.449118, 52.080929], [5.449157, 52.080885], [5.449362, 52.080657], [5.449567, 52.080429], [5.449586, 52.080407], [5.449606, 52.080385], [5.449621, 52.080369], [5.449636, 52.080353], [5.449659, 52.080324], [5.449039, 52.080213], [5.449033, 52.080224], [5.448658, 52.080151], [5.448436, 52.080109], [5.448302, 52.080084], [5.448171, 52.080057], [5.447476, 52.079926], [5.447153, 52.079866], [5.446788, 52.079797], [5.446079, 52.079665], [5.446068, 52.079663], [5.445903, 52.079632], [5.445768, 52.079608], [5.445657, 52.079587], [5.445532, 52.079564], [5.445412, 52.079541], [5.445319, 52.079523], [5.445237, 52.079507], [5.445152, 52.079492], [5.445062, 52.079477], [5.44476, 52.07942], [5.444504, 52.079371], [5.444387, 52.079349], [5.444162, 52.079307], [5.443919, 52.079268], [5.443626, 52.079216], [5.443582, 52.079209], [5.443305, 52.079163], [5.442956, 52.079124], [5.442859, 52.079119], [5.442702, 52.079105], [5.442628, 52.079099], [5.442439, 52.079092], [5.442328, 52.079087], [5.442173, 52.079084], [5.442038, 52.079081], [5.441947, 52.07908], [5.441816, 52.079076], [5.441685, 52.079072], [5.441493, 52.079073], [5.441301, 52.079074], [5.441066, 52.079074], [5.440948, 52.079074], [5.440622, 52.079073], [5.440297, 52.079072], [5.440066, 52.079071], [5.439836, 52.07907], [5.43965, 52.07907], [5.439344, 52.079069], [5.439038, 52.079068], [5.438873, 52.079068], [5.438708, 52.079067], [5.438486, 52.079067], [5.438388, 52.079067], [5.438274, 52.079067], [5.438129, 52.079066], [5.437986, 52.079066], [5.437963, 52.079067], [5.437913, 52.079068], [5.43794, 52.079076], [5.437936, 52.07908], [5.437933, 52.079085], [5.437929, 52.07909], [5.437925, 52.079127], [5.437921, 52.079164], [5.437917, 52.079202], [5.437913, 52.079239], [5.437908, 52.079295], [5.437902, 52.079351], [5.437897, 52.079407], [5.437892, 52.079463], [5.43788, 52.079466], [5.437874, 52.079468], [5.437868, 52.079469], [5.437865, 52.079512], [5.437862, 52.079556], [5.437859, 52.0796], [5.437855, 52.079643], [5.437869, 52.079643], [5.437875, 52.079643], [5.437882, 52.079643], [5.43788, 52.079674], [5.437877, 52.079704], [5.437875, 52.079734], [5.437873, 52.079765], [5.437872, 52.079772], [5.437872, 52.079779], [5.437871, 52.079787], [5.437871, 52.079794], [5.437883, 52.079795], [5.437889, 52.079795], [5.437895, 52.079795], [5.437892, 52.079835], [5.437889, 52.079875], [5.437886, 52.079915], [5.437883, 52.079955], [5.43788, 52.079986], [5.437877, 52.080017], [5.437875, 52.080048], [5.437872, 52.080079], [5.437869, 52.080112], [5.437866, 52.080145], [5.437862, 52.080178], [5.437859, 52.080211], [5.437859, 52.080222], [5.43786, 52.080234], [5.437861, 52.080245], [5.437861, 52.080256], [5.437863, 52.080274], [5.437865, 52.080292], [5.437866, 52.08031], [5.437868, 52.080329], [5.43787, 52.080342], [5.437872, 52.080355], [5.437874, 52.080368], [5.437876, 52.080381], [5.437878, 52.08039], [5.43788, 52.080399], [5.437882, 52.080408], [5.437884, 52.080417], [5.437887, 52.080427], [5.43789, 52.080436], [5.437893, 52.080446], [5.437896, 52.080455], [5.437898, 52.080462], [5.437901, 52.080469], [5.437903, 52.080475], [5.437905, 52.080482], [5.437908, 52.080488], [5.43791, 52.080495], [5.437913, 52.080501], [5.437916, 52.080508], [5.43792, 52.080517], [5.437924, 52.080527], [5.437929, 52.080536], [5.437933, 52.080545], [5.437945, 52.080567], [5.437957, 52.080589], [5.437969, 52.08061], [5.437981, 52.080632], [5.437982, 52.080635], [5.437984, 52.080638], [5.438005, 52.080677], [5.438025, 52.080716], [5.438046, 52.080756], [5.438067, 52.080795], [5.438096, 52.080847], [5.438125, 52.0809], [5.438154, 52.080952], [5.438183, 52.081005], [5.438173, 52.081007], [5.438163, 52.08101], [5.438152, 52.081012], [5.438142, 52.081014], [5.438154, 52.081037], [5.438165, 52.081059], [5.438177, 52.081081], [5.438188, 52.081103], [5.438198, 52.081127], [5.438208, 52.08115], [5.438217, 52.081174], [5.438227, 52.081197], [5.438237, 52.081221], [5.438246, 52.081245], [5.438256, 52.081269], [5.438265, 52.081292], [5.438269, 52.081306], [5.438273, 52.08132], [5.438277, 52.081334], [5.438281, 52.081348], [5.438285, 52.081365], [5.438289, 52.081383], [5.438293, 52.0814], [5.438297, 52.081418], [5.438301, 52.081436], [5.438305, 52.081455], [5.438309, 52.081473], [5.438312, 52.081491], [5.438314, 52.0815], [5.438314, 52.081509], [5.438315, 52.081518], [5.438316, 52.081527], [5.438322, 52.081525], [5.438329, 52.081524], [5.438335, 52.081522], [5.438342, 52.08152], [5.438343, 52.081529], [5.438344, 52.081537], [5.438346, 52.081545], [5.438347, 52.081554], [5.438348, 52.081562], [5.43835, 52.081571], [5.438351, 52.081579], [5.438353, 52.081588], [5.438356, 52.081609], [5.438359, 52.08163], [5.438363, 52.081652], [5.438366, 52.081673], [5.438369, 52.081695], [5.438373, 52.081716], [5.438376, 52.081737], [5.438379, 52.081759], [5.438381, 52.081776], [5.438384, 52.081792], [5.438386, 52.081809], [5.438388, 52.081826], [5.438391, 52.081842], [5.438393, 52.081859], [5.438395, 52.081876], [5.438398, 52.081893], [5.4384, 52.081911], [5.438402, 52.08193], [5.438404, 52.081948], [5.438406, 52.081967], [5.438408, 52.081985], [5.43841, 52.082004], [5.438412, 52.082022], [5.438414, 52.082041], [5.438414, 52.082049], [5.438415, 52.082056], [5.438415, 52.082064], [5.438416, 52.082071], [5.438416, 52.082079], [5.438417, 52.082086], [5.438417, 52.082094], [5.438418, 52.082102], [5.438419, 52.082113], [5.43842, 52.082125], [5.43842, 52.082136], [5.438421, 52.082148], [5.438422, 52.08216], [5.438423, 52.082171], [5.438424, 52.082183], [5.438424, 52.082194], [5.438425, 52.082203], [5.438425, 52.082211], [5.438426, 52.08222], [5.438426, 52.082228], [5.438427, 52.082236], [5.438427, 52.082245], [5.438428, 52.082253], [5.438428, 52.082262], [5.438432, 52.082323], [5.438435, 52.082384], [5.438438, 52.082428], [5.438439, 52.082445], [5.438442, 52.082507], [5.438444, 52.082543], [5.438445, 52.082579], [5.438446, 52.082616], [5.438447, 52.082652], [5.438448, 52.082685], [5.438449, 52.082717], [5.438449, 52.08275], [5.43845, 52.082782], [5.43845, 52.082815], [5.438451, 52.082847], [5.438452, 52.08288], [5.438452, 52.082913], [5.438452, 52.082914], [5.438452, 52.082916], [5.438453, 52.082918], [5.438453, 52.08292], [5.438454, 52.082926], [5.438456, 52.082931], [5.438458, 52.082937], [5.43846, 52.082942], [5.438462, 52.082948], [5.438464, 52.082953], [5.438466, 52.082958], [5.438468, 52.082964], [5.438468, 52.082978], [5.438468, 52.082991], [5.438468, 52.083005], [5.438468, 52.083019], [5.438469, 52.083033], [5.438469, 52.083046], [5.438469, 52.08306], [5.438469, 52.083074], [5.43847, 52.083087], [5.43847, 52.083101], [5.438471, 52.083114], [5.438472, 52.083128], [5.438473, 52.083142], [5.438473, 52.083155], [5.438474, 52.083169], [5.438475, 52.083182], [5.438476, 52.083192], [5.438477, 52.083201], [5.438478, 52.08321], [5.438479, 52.08322], [5.43848, 52.083229], [5.438481, 52.083239], [5.438482, 52.083248], [5.438484, 52.083257], [5.438484, 52.08326], [5.438484, 52.083263], [5.438484, 52.083266], [5.438485, 52.083268], [5.438485, 52.083271], [5.438485, 52.083274], [5.438486, 52.083277], [5.438486, 52.083279], [5.438489, 52.083296], [5.438491, 52.083312], [5.438494, 52.083329], [5.438496, 52.083345], [5.438499, 52.083361], [5.438501, 52.083378], [5.438504, 52.083394], [5.438506, 52.083411], [5.438507, 52.083421], [5.438508, 52.083431], [5.43851, 52.08344], [5.438511, 52.08345], [5.438512, 52.08346], [5.438513, 52.08347], [5.438514, 52.08348], [5.438515, 52.08349], [5.438516, 52.083498], [5.438516, 52.083506], [5.438517, 52.083514], [5.438517, 52.083522], [5.438517, 52.08353], [5.438518, 52.083539], [5.438518, 52.083547], [5.438519, 52.083555], [5.438518, 52.083561], [5.438517, 52.083568], [5.438517, 52.083575], [5.438516, 52.083581], [5.438515, 52.083588], [5.438515, 52.083595], [5.438514, 52.083602], [5.438513, 52.083608], [5.438512, 52.083617], [5.43851, 52.083625], [5.438509, 52.083633], [5.438508, 52.083642], [5.438506, 52.08365], [5.438505, 52.083658], [5.438504, 52.083667], [5.438502, 52.083675], [5.438499, 52.083683], [5.438496, 52.083692], [5.438493, 52.0837], [5.43849, 52.083708], [5.438487, 52.083717], [5.438484, 52.083725], [5.438481, 52.083733], [5.438478, 52.083742], [5.438475, 52.083749], [5.438473, 52.083757], [5.43847, 52.083765], [5.438467, 52.083773], [5.438464, 52.083781], [5.438461, 52.083789], [5.438458, 52.083797], [5.438455, 52.083805], [5.43845, 52.083815], [5.438446, 52.083824], [5.438441, 52.083834], [5.438437, 52.083843], [5.438432, 52.083853], [5.438428, 52.083862], [5.438423, 52.083872], [5.438419, 52.083881], [5.438415, 52.083888], [5.438412, 52.083894], [5.438409, 52.0839], [5.438405, 52.083906], [5.438402, 52.083913], [5.438399, 52.083919], [5.438396, 52.083925], [5.438392, 52.083932], [5.43839, 52.083936], [5.438388, 52.08394], [5.438386, 52.083945], [5.438384, 52.083949], [5.438382, 52.083954], [5.43838, 52.083958], [5.438379, 52.083963], [5.438377, 52.083967], [5.438375, 52.083972], [5.438373, 52.083977], [5.438371, 52.083982], [5.438369, 52.083987], [5.438367, 52.083993], [5.438365, 52.083998], [5.438363, 52.084003], [5.438361, 52.084008], [5.43836, 52.084013], [5.438359, 52.084018], [5.438358, 52.084023], [5.438357, 52.084028], [5.438356, 52.084033], [5.438355, 52.084038], [5.438354, 52.084043], [5.438352, 52.084048], [5.438349, 52.084062], [5.438345, 52.084076], [5.438341, 52.08409], [5.438338, 52.084104], [5.438334, 52.084117], [5.43833, 52.084131], [5.438327, 52.084145], [5.438323, 52.084159], [5.43832, 52.084172], [5.438317, 52.084186], [5.438315, 52.084199], [5.438312, 52.084212], [5.438309, 52.084226], [5.438306, 52.084239], [5.438304, 52.084253], [5.438301, 52.084266], [5.438299, 52.084279], [5.438296, 52.084292], [5.438294, 52.084306], [5.438292, 52.084319], [5.438289, 52.084332], [5.438287, 52.084345], [5.438285, 52.084358], [5.438282, 52.084372], [5.438282, 52.084379], [5.438281, 52.084387], [5.438281, 52.084395], [5.43828, 52.084403], [5.43828, 52.084411], [5.438279, 52.084419], [5.438279, 52.084427], [5.438278, 52.084435], [5.438278, 52.084443], [5.438277, 52.084452], [5.438277, 52.08446], [5.438277, 52.084469], [5.438276, 52.084477], [5.438276, 52.084486], [5.438276, 52.084494], [5.438275, 52.084503], [5.438276, 52.08451], [5.438277, 52.084518], [5.438278, 52.084526], [5.438279, 52.084533], [5.43828, 52.084541], [5.43828, 52.084549], [5.438281, 52.084556], [5.438282, 52.084564], [5.438283, 52.084568], [5.438284, 52.084573], [5.438285, 52.084577], [5.438285, 52.084582], [5.438286, 52.084586], [5.438287, 52.084591], [5.438288, 52.084595], [5.438289, 52.0846], [5.438291, 52.084604], [5.438292, 52.084608], [5.438294, 52.084613], [5.438295, 52.084617], [5.438297, 52.084621], [5.438298, 52.084625], [5.4383, 52.08463], [5.438302, 52.084634], [5.438304, 52.084638], [5.438306, 52.084643], [5.438308, 52.084647], [5.43831, 52.084652], [5.438312, 52.084657], [5.438314, 52.084661], [5.438316, 52.084666], [5.438318, 52.08467], [5.438322, 52.084676], [5.438325, 52.084683], [5.438328, 52.084689], [5.438332, 52.084695], [5.438335, 52.084701], [5.438338, 52.084707], [5.438342, 52.084714], [5.438345, 52.08472], [5.438349, 52.084725], [5.438352, 52.08473], [5.438356, 52.084735], [5.438359, 52.08474], [5.438363, 52.084746], [5.438366, 52.084751], [5.43837, 52.084756], [5.438373, 52.084761], [5.438378, 52.084767], [5.438383, 52.084773], [5.438388, 52.084779], [5.438392, 52.084785], [5.438397, 52.084791], [5.438402, 52.084797], [5.438407, 52.084803], [5.438412, 52.084808], [5.438417, 52.084814], [5.438423, 52.084819], [5.438429, 52.084824], [5.438434, 52.08483], [5.43844, 52.084835], [5.438445, 52.08484], [5.438451, 52.084845], [5.438457, 52.084851], [5.438465, 52.084857], [5.438473, 52.084864], [5.438481, 52.08487], [5.438489, 52.084877], [5.438496, 52.084883], [5.438504, 52.08489], [5.438512, 52.084896], [5.438521, 52.084903], [5.438529, 52.084909], [5.438538, 52.084915], [5.438547, 52.084921], [5.438556, 52.084928], [5.438565, 52.084934], [5.438574, 52.08494], [5.438583, 52.084946], [5.438592, 52.084953], [5.438602, 52.084958], [5.438613, 52.084963], [5.438623, 52.084968], [5.438634, 52.084974], [5.438644, 52.084979], [5.438655, 52.084984], [5.438665, 52.084989], [5.438675, 52.084995], [5.438682, 52.084998], [5.438689, 52.085001], [5.438695, 52.085005], [5.438702, 52.085008], [5.438709, 52.085012], [5.438715, 52.085015], [5.438722, 52.085019], [5.438729, 52.085022], [5.438741, 52.085028], [5.438753, 52.085033], [5.438766, 52.085038], [5.438778, 52.085044], [5.438791, 52.085049], [5.438803, 52.085054], [5.438816, 52.08506], [5.438828, 52.085065], [5.438838, 52.085068], [5.438847, 52.08507], [5.438856, 52.085072], [5.438866, 52.085075], [5.438875, 52.085077], [5.438884, 52.08508], [5.438894, 52.085082], [5.438903, 52.085084], [5.438909, 52.085086], [5.438914, 52.085087], [5.43892, 52.085089], [5.438926, 52.085091], [5.438931, 52.085092], [5.438937, 52.085094], [5.438943, 52.085095], [5.438948, 52.085097], [5.438953, 52.085098], [5.438957, 52.085099], [5.438961, 52.0851], [5.438965, 52.085101], [5.43897, 52.085102], [5.438974, 52.085104], [5.438978, 52.085105], [5.438982, 52.085106], [5.438988, 52.085107], [5.438994, 52.085108], [5.439, 52.08511], [5.439006, 52.085111], [5.439012, 52.085112], [5.439018, 52.085113], [5.439024, 52.085115], [5.43903, 52.085116], [5.439048, 52.085119], [5.439066, 52.085122], [5.439084, 52.085125], [5.439101, 52.085129], [5.439119, 52.085132], [5.439137, 52.085135], [5.439155, 52.085138], [5.439173, 52.085141], [5.439207, 52.085147], [5.439242, 52.085153], [5.439276, 52.085159], [5.43931, 52.085165], [5.439345, 52.085171], [5.439379, 52.085177], [5.439413, 52.085183], [5.439448, 52.085189], [5.439483, 52.085194], [5.439518, 52.0852], [5.439553, 52.085206], [5.439588, 52.085212], [5.439624, 52.085217], [5.439659, 52.085223], [5.439694, 52.085229], [5.439729, 52.085234], [5.439745, 52.085237], [5.439761, 52.08524], [5.439777, 52.085243], [5.439792, 52.085245], [5.439808, 52.085248], [5.439824, 52.085251], [5.43984, 52.085254], [5.439856, 52.085256], [5.439887, 52.085261], [5.439918, 52.085266], [5.439949, 52.085271], [5.43998, 52.085276], [5.440011, 52.085281], [5.440042, 52.085286], [5.440073, 52.085291], [5.440104, 52.085296], [5.440137, 52.085301], [5.44017, 52.085307], [5.440204, 52.085312], [5.440237, 52.085318], [5.44027, 52.085323], [5.440303, 52.085329], [5.440337, 52.085335], [5.44037, 52.08534], [5.440404, 52.085346], [5.440439, 52.085352], [5.440473, 52.085358], [5.440508, 52.085363], [5.440542, 52.085369], [5.440577, 52.085375], [5.440611, 52.085381], [5.440645, 52.085387], [5.440673, 52.085392], [5.4407, 52.085396], [5.440728, 52.085401], [5.440755, 52.085406], [5.440782, 52.085411], [5.44081, 52.085416], [5.440837, 52.085421], [5.440865, 52.085426], [5.440874, 52.085427], [5.440883, 52.085429], [5.440892, 52.08543], [5.440901, 52.085431], [5.44091, 52.085433], [5.44092, 52.085434], [5.440929, 52.085436], [5.440938, 52.085437], [5.440947, 52.085439], [5.440956, 52.085442], [5.440966, 52.085444], [5.440975, 52.085446], [5.440993, 52.08545], [5.441011, 52.085455], [5.441041, 52.085461], [5.44107, 52.085467], [5.4411, 52.085473], [5.441129, 52.08548], [5.441159, 52.085486], [5.441189, 52.085492], [5.441218, 52.085499], [5.441248, 52.085505], [5.441265, 52.085509], [5.441283, 52.085512], [5.441301, 52.085516], [5.441319, 52.08552], [5.441337, 52.085524], [5.441354, 52.085528], [5.441372, 52.085532], [5.44139, 52.085536], [5.441408, 52.085539], [5.441426, 52.085543], [5.441443, 52.085547], [5.441461, 52.085551], [5.441479, 52.085555], [5.441497, 52.085558], [5.441515, 52.085562], [5.441533, 52.085566], [5.441543, 52.085568], [5.441554, 52.085571], [5.441564, 52.085573], [5.441575, 52.085576], [5.441585, 52.085578], [5.441596, 52.08558], [5.441606, 52.085583], [5.441617, 52.085585], [5.441627, 52.085587], [5.441637, 52.085589], [5.441647, 52.085591], [5.441657, 52.085592], [5.441667, 52.085594], [5.441677, 52.085596], [5.441687, 52.085598], [5.441697, 52.0856], [5.441706, 52.085601], [5.441715, 52.085603], [5.441724, 52.085604], [5.441733, 52.085605], [5.441742, 52.085607], [5.441751, 52.085608], [5.44176, 52.08561], [5.441769, 52.085611], [5.441775, 52.085612], [5.441781, 52.085613], [5.441788, 52.085614], [5.441794, 52.085615], [5.4418, 52.085616], [5.441806, 52.085616], [5.441813, 52.085617], [5.441819, 52.085618], [5.441824, 52.085619], [5.44183, 52.085619], [5.441835, 52.08562], [5.44184, 52.08562], [5.441845, 52.085621], [5.44185, 52.085621], [5.441855, 52.085622], [5.441861, 52.085623], [5.441874, 52.085624], [5.441886, 52.085625], [5.441899, 52.085626], [5.441912, 52.085627], [5.441925, 52.085628], [5.441938, 52.085629], [5.441951, 52.08563], [5.441964, 52.085631], [5.441985, 52.085633], [5.442006, 52.085634], [5.442026, 52.085636], [5.442047, 52.085638], [5.442068, 52.08564], [5.442089, 52.085642], [5.44211, 52.085644], [5.442131, 52.085646], [5.442135, 52.085647], [5.442138, 52.085647], [5.442142, 52.085647], [5.442146, 52.085648], [5.44215, 52.085648], [5.442153, 52.085649], [5.442157, 52.085649], [5.442161, 52.085649], [5.442168, 52.085651], [5.442176, 52.085653], [5.442183, 52.085655], [5.442191, 52.085657], [5.442198, 52.085658], [5.442205, 52.08566], [5.442213, 52.085662], [5.44222, 52.085664], [5.442228, 52.085667], [5.442235, 52.08567], [5.442243, 52.085674], [5.44225, 52.085677], [5.442258, 52.08568], [5.442265, 52.085683], [5.442272, 52.085687], [5.44228, 52.08569], [5.442285, 52.085693], [5.44229, 52.085696], [5.442296, 52.085699], [5.442301, 52.085702], [5.442306, 52.085705], [5.442311, 52.085708], [5.442316, 52.085711], [5.442322, 52.085714], [5.442327, 52.085718], [5.442332, 52.085722], [5.442337, 52.085726], [5.442343, 52.08573], [5.442348, 52.085733], [5.442353, 52.085737], [5.442358, 52.085741], [5.442363, 52.085745], [5.44237, 52.085751], [5.442378, 52.085758], [5.442385, 52.085764], [5.442392, 52.085771], [5.442399, 52.085777], [5.442406, 52.085783], [5.442413, 52.08579], [5.44242, 52.085796], [5.442428, 52.085808], [5.442435, 52.08582], [5.442442, 52.085832], [5.44245, 52.085844], [5.442457, 52.085856], [5.442465, 52.085868], [5.442472, 52.08588], [5.44248, 52.085892], [5.442489, 52.085906], [5.442499, 52.085919], [5.442509, 52.085932], [5.442518, 52.085945], [5.442528, 52.085958], [5.442537, 52.085972], [5.442547, 52.085985], [5.442557, 52.085998], [5.442565, 52.086009], [5.442573, 52.08602], [5.442582, 52.086031], [5.44259, 52.086041], [5.442598, 52.086052], [5.442606, 52.086063], [5.442615, 52.086074], [5.442623, 52.086085], [5.442627, 52.086092], [5.442632, 52.086098], [5.442636, 52.086105], [5.442641, 52.086112], [5.442645, 52.086118], [5.44265, 52.086125], [5.442654, 52.086132], [5.442659, 52.086139], [5.442663, 52.086146], [5.442667, 52.086153], [5.442671, 52.08616], [5.442676, 52.086167], [5.44268, 52.086174], [5.442684, 52.086181], [5.442688, 52.086188], [5.442693, 52.086195], [5.442698, 52.086202], [5.442703, 52.086209], [5.442708, 52.086215], [5.442713, 52.086222], [5.442718, 52.086229], [5.442723, 52.086235], [5.442729, 52.086242], [5.442734, 52.086249], [5.44273, 52.08625], [5.442726, 52.086251], [5.442722, 52.086253], [5.442718, 52.086254], [5.442726, 52.086264], [5.442734, 52.086275], [5.442741, 52.086285], [5.442749, 52.086295], [5.442757, 52.086306], [5.442764, 52.086316], [5.442772, 52.086327], [5.44278, 52.086337], [5.442784, 52.086343], [5.442788, 52.086348], [5.442792, 52.086354], [5.442796, 52.08636], [5.4428, 52.086366], [5.442804, 52.086371], [5.442808, 52.086377], [5.442812, 52.086383], [5.442828, 52.086403], [5.442843, 52.086422], [5.442858, 52.086442], [5.442873, 52.086462], [5.442889, 52.086481], [5.442904, 52.086501], [5.442919, 52.086521], [5.442935, 52.08654], [5.442937, 52.08654], [5.44294, 52.086539], [5.442943, 52.086538], [5.442953, 52.08655], [5.442955, 52.086553], [5.442957, 52.086555], [5.44296, 52.086558], [5.442962, 52.086561], [5.442966, 52.086566], [5.44297, 52.08657], [5.442973, 52.086575], [5.442977, 52.086579], [5.442981, 52.086584], [5.442985, 52.086589], [5.442989, 52.086593], [5.442993, 52.086598], [5.442997, 52.086603], [5.443, 52.086608], [5.443004, 52.086613], [5.443008, 52.086619], [5.443011, 52.086624], [5.443015, 52.086629], [5.443019, 52.086635], [5.443022, 52.08664], [5.443029, 52.086648], [5.443036, 52.086656], [5.443043, 52.086665], [5.44305, 52.086673], [5.443057, 52.086681], [5.443063, 52.086689], [5.44307, 52.086698], [5.443077, 52.086706], [5.443084, 52.086715], [5.443092, 52.086724], [5.443099, 52.086733], [5.443107, 52.086742], [5.443114, 52.086752], [5.443121, 52.086761], [5.443129, 52.08677], [5.443136, 52.086779], [5.443145, 52.086789], [5.443153, 52.086798], [5.443162, 52.086808], [5.44317, 52.086817], [5.443179, 52.086827], [5.443188, 52.086837], [5.443196, 52.086846], [5.443205, 52.086856], [5.443214, 52.086865], [5.443223, 52.086875], [5.443232, 52.086884], [5.443241, 52.086894], [5.44325, 52.086903], [5.443259, 52.086913], [5.443268, 52.086922], [5.443277, 52.086932], [5.44329, 52.086944], [5.443304, 52.086957], [5.443317, 52.086969], [5.443331, 52.086981], [5.443345, 52.086994], [5.443358, 52.087006], [5.443372, 52.087018], [5.443386, 52.087031], [5.443401, 52.087045], [5.443416, 52.08706], [5.443431, 52.087074], [5.443446, 52.087088], [5.443461, 52.087103], [5.443476, 52.087117], [5.443491, 52.087131], [5.443506, 52.087146], [5.443515, 52.087155], [5.443524, 52.087163], [5.443533, 52.087172], [5.443542, 52.087181], [5.443551, 52.08719], [5.44356, 52.087198], [5.443569, 52.087207], [5.443578, 52.087216], [5.443591, 52.087228], [5.443603, 52.08724], [5.443616, 52.087252], [5.443628, 52.087264], [5.443641, 52.087276], [5.443653, 52.087288], [5.443666, 52.0873], [5.443678, 52.087312], [5.443683, 52.087315], [5.443688, 52.087317], [5.443692, 52.08732], [5.443697, 52.087322], [5.443702, 52.087325], [5.443707, 52.087327], [5.443711, 52.087329], [5.443716, 52.087332], [5.443761, 52.087283]]]]}}]}